Datetime,Close,High,Low,Open,Volume
2026-06-04 09:15:00+05:30,1303.9000244140625,1309.5999755859375,1300.5,1304.699951171875,0
2026-06-04 09:20:00+05:30,1306.699951171875,1308.5999755859375,1303.0,1303.699951171875,315657
2026-06-04 09:25:00+05:30,1306.4000244140625,1308.0,1305.0999755859375,1306.699951171875,161551
2026-06-04 09:30:00+05:30,1304.699951171875,1306.9000244140625,1304.199951171875,1306.5,152387
2026-06-04 09:35:00+05:30,1305.0,1307.0,1305.0,1305.0,89571
2026-06-04 09:40:00+05:30,1306.5,1307.0,1304.699951171875,1305.4000244140625,78165
2026-06-04 09:45:00+05:30,1306.300048828125,1307.199951171875,1306.0,1307.0,88938
2026-06-04 09:50:00+05:30,1306.5,1306.800048828125,1306.0,1306.800048828125,69178
2026-06-04 09:55:00+05:30,1308.800048828125,1310.800048828125,1306.5,1306.9000244140625,332572
2026-06-04 10:00:00+05:30,1308.9000244140625,1310.800048828125,1308.199951171875,1308.5999755859375,195175
2026-06-04 10:05:00+05:30,1309.5999755859375,1310.4000244140625,1308.5999755859375,1308.800048828125,105925
2026-06-04 10:10:00+05:30,1307.5999755859375,1309.9000244140625,1307.0999755859375,1309.5999755859375,157699
2026-06-04 10:15:00+05:30,1305.699951171875,1307.800048828125,1305.5999755859375,1307.5999755859375,125082
2026-06-04 10:20:00+05:30,1306.699951171875,1307.5999755859375,1305.699951171875,1306.0,164970
2026-06-04 10:25:00+05:30,1305.300048828125,1307.0999755859375,1305.0,1306.699951171875,144647
2026-06-04 10:30:00+05:30,1302.699951171875,1305.300048828125,1302.5,1305.0999755859375,246046
2026-06-04 10:35:00+05:30,1303.4000244140625,1304.5,1301.699951171875,1302.5999755859375,198039
2026-06-04 10:40:00+05:30,1303.5999755859375,1304.5999755859375,1302.699951171875,1303.4000244140625,139479
2026-06-04 10:45:00+05:30,1303.699951171875,1305.199951171875,1303.0,1303.5999755859375,139860
2026-06-04 10:50:00+05:30,1303.5999755859375,1304.699951171875,1303.5,1303.800048828125,118421
2026-06-04 10:55:00+05:30,1303.9000244140625,1304.5999755859375,1303.5,1303.5999755859375,92999
2026-06-04 11:00:00+05:30,1303.0999755859375,1304.0,1302.0999755859375,1303.9000244140625,160431
2026-06-04 11:05:00+05:30,1303.800048828125,1303.800048828125,1302.0999755859375,1303.0,89953
2026-06-04 11:10:00+05:30,1303.5999755859375,1304.0,1303.0,1303.800048828125,76074
2026-06-04 11:15:00+05:30,1302.4000244140625,1303.9000244140625,1302.4000244140625,1303.9000244140625,118814
2026-06-04 11:20:00+05:30,1302.5,1303.300048828125,1302.0,1302.699951171875,151621
2026-06-04 11:25:00+05:30,1303.0,1303.300048828125,1302.0,1302.5999755859375,114849
2026-06-04 11:30:00+05:30,1304.0,1304.0,1302.0,1303.0,132969
2026-06-04 11:35:00+05:30,1304.800048828125,1305.0,1304.0,1304.0,206319
2026-06-04 11:40:00+05:30,1307.0,1307.4000244140625,1304.5,1304.9000244140625,319080
2026-06-04 11:45:00+05:30,1306.9000244140625,1308.0,1306.5,1307.4000244140625,258834
2026-06-04 11:50:00+05:30,1306.0,1308.5,1306.0,1306.699951171875,218134
2026-06-04 11:55:00+05:30,1304.199951171875,1307.699951171875,1304.199951171875,1306.0,791856
2026-06-04 12:00:00+05:30,1306.0999755859375,1306.4000244140625,1304.0,1304.5999755859375,125931
2026-06-04 12:05:00+05:30,1307.199951171875,1308.4000244140625,1305.5999755859375,1306.0,546994
2026-06-04 12:10:00+05:30,1304.300048828125,1307.9000244140625,1304.0,1307.800048828125,629686
2026-06-04 12:15:00+05:30,1304.5999755859375,1305.5999755859375,1303.5999755859375,1304.300048828125,280503
2026-06-04 12:20:00+05:30,1304.4000244140625,1304.5999755859375,1304.0,1304.5999755859375,87255
2026-06-04 12:25:00+05:30,1303.800048828125,1304.4000244140625,1303.199951171875,1304.4000244140625,103361
2026-06-04 12:30:00+05:30,1302.699951171875,1303.9000244140625,1302.4000244140625,1303.800048828125,124330
2026-06-04 12:35:00+05:30,1304.0999755859375,1304.0999755859375,1302.0999755859375,1302.9000244140625,123803
2026-06-04 12:40:00+05:30,1301.0999755859375,1303.699951171875,1301.0,1303.5999755859375,336361
2026-06-04 12:45:00+05:30,1302.0,1303.0999755859375,1301.0,1301.199951171875,164812
2026-06-04 12:50:00+05:30,1301.5999755859375,1302.199951171875,1301.0999755859375,1302.0999755859375,660243
2026-06-04 12:55:00+05:30,1301.5,1302.4000244140625,1301.300048828125,1301.5,127731
2026-06-04 13:00:00+05:30,1300.800048828125,1302.9000244140625,1300.800048828125,1301.5999755859375,393631
2026-06-04 13:05:00+05:30,1301.0,1301.4000244140625,1300.0999755859375,1301.0,186255
2026-06-04 13:10:00+05:30,1295.0999755859375,1301.5,1295.0999755859375,1301.199951171875,736610
2026-06-04 13:15:00+05:30,1297.0999755859375,1297.300048828125,1293.5,1295.0999755859375,435982
2026-06-04 13:20:00+05:30,1295.0,1298.0,1293.199951171875,1297.0999755859375,1043520
2026-06-04 13:25:00+05:30,1298.0,1298.300048828125,1294.300048828125,1295.0,215187
2026-06-04 13:30:00+05:30,1298.0999755859375,1298.5999755859375,1297.0,1298.0,65929
2026-06-04 13:35:00+05:30,1299.199951171875,1299.199951171875,1297.800048828125,1298.0999755859375,69595
2026-06-04 13:40:00+05:30,1298.0,1299.300048828125,1297.800048828125,1299.199951171875,104845
2026-06-04 13:45:00+05:30,1300.300048828125,1300.9000244140625,1296.699951171875,1297.9000244140625,183743
2026-06-04 13:50:00+05:30,1300.0999755859375,1301.199951171875,1299.5999755859375,1300.5999755859375,232246
2026-06-04 13:55:00+05:30,1300.0,1301.300048828125,1299.300048828125,1300.0999755859375,102250
2026-06-04 14:00:00+05:30,1302.699951171875,1303.300048828125,1299.9000244140625,1300.4000244140625,590753
2026-06-04 14:05:00+05:30,1304.0,1304.0,1301.300048828125,1302.4000244140625,322290
2026-06-04 14:10:00+05:30,1302.9000244140625,1304.300048828125,1302.5999755859375,1303.699951171875,180625
2026-06-04 14:15:00+05:30,1303.199951171875,1303.4000244140625,1302.5,1302.5999755859375,181000
2026-06-04 14:20:00+05:30,1302.0999755859375,1303.5999755859375,1301.4000244140625,1303.300048828125,192362
2026-06-04 14:25:00+05:30,1302.5,1303.0,1301.9000244140625,1302.0999755859375,91339
2026-06-04 14:30:00+05:30,1303.300048828125,1304.300048828125,1302.0999755859375,1302.5,324781
2026-06-04 14:35:00+05:30,1303.9000244140625,1303.9000244140625,1302.5999755859375,1303.4000244140625,146685
2026-06-04 14:40:00+05:30,1305.4000244140625,1306.800048828125,1303.9000244140625,1303.9000244140625,295879
2026-06-04 14:45:00+05:30,1304.800048828125,1307.0,1304.5,1305.4000244140625,285362
2026-06-04 14:50:00+05:30,1302.0,1305.0,1301.699951171875,1305.0,473172
2026-06-04 14:55:00+05:30,1302.0999755859375,1302.199951171875,1301.5,1302.0999755859375,223820
2026-06-04 15:00:00+05:30,1301.0,1303.5,1299.9000244140625,1302.0,2129119
2026-06-04 15:05:00+05:30,1305.0,1305.0999755859375,1300.5999755859375,1301.0,956846
2026-06-04 15:10:00+05:30,1306.199951171875,1306.5,1304.4000244140625,1305.0999755859375,726947
2026-06-04 15:15:00+05:30,1305.5,1306.800048828125,1304.699951171875,1306.800048828125,450997
2026-06-04 15:20:00+05:30,1306.300048828125,1306.699951171875,1304.800048828125,1305.4000244140625,524878
2026-06-04 15:25:00+05:30,1308.5,1308.5,1305.800048828125,1306.4000244140625,489611
2026-06-05 09:15:00+05:30,1301.0,1305.5999755859375,1300.300048828125,1304.5,0
2026-06-05 09:20:00+05:30,1299.800048828125,1301.4000244140625,1299.0,1300.5999755859375,283626
2026-06-05 09:25:00+05:30,1299.800048828125,1300.0,1298.4000244140625,1299.699951171875,107470
2026-06-05 09:30:00+05:30,1300.300048828125,1300.699951171875,1299.0999755859375,1299.699951171875,150470
2026-06-05 09:35:00+05:30,1301.800048828125,1302.4000244140625,1300.199951171875,1300.300048828125,178974
2026-06-05 09:40:00+05:30,1300.5999755859375,1302.0999755859375,1299.9000244140625,1301.800048828125,540174
2026-06-05 09:45:00+05:30,1300.0,1300.5999755859375,1299.5999755859375,1300.0,274988
2026-06-05 09:50:00+05:30,1300.0,1300.5,1299.699951171875,1299.9000244140625,139284
2026-06-05 09:55:00+05:30,1299.9000244140625,1300.5,1299.5999755859375,1300.0,141282
2026-06-05 10:00:00+05:30,1299.800048828125,1300.5,1298.0999755859375,1299.9000244140625,158460
2026-06-05 10:05:00+05:30,1299.800048828125,1300.0,1298.699951171875,1299.699951171875,76453
2026-06-05 10:10:00+05:30,1300.0,1301.0999755859375,1299.4000244140625,1300.0,197809
2026-06-05 10:15:00+05:30,1300.0,1300.0,1299.4000244140625,1300.0,73740
2026-06-05 10:20:00+05:30,1300.0,1300.300048828125,1299.4000244140625,1299.800048828125,65620
2026-06-05 10:25:00+05:30,1299.4000244140625,1300.4000244140625,1299.199951171875,1300.199951171875,140156
2026-06-05 10:30:00+05:30,1297.9000244140625,1299.5999755859375,1297.9000244140625,1299.199951171875,125518
2026-06-05 10:35:00+05:30,1294.9000244140625,1298.0,1294.5999755859375,1297.800048828125,301556
2026-06-05 10:40:00+05:30,1294.800048828125,1295.699951171875,1294.0,1295.199951171875,117120
2026-06-05 10:45:00+05:30,1295.5,1295.5,1293.5,1294.800048828125,175964
2026-06-05 10:50:00+05:30,1295.0,1295.9000244140625,1294.199951171875,1295.5,106907
2026-06-05 10:55:00+05:30,1293.9000244140625,1295.0,1293.4000244140625,1295.0,303867
2026-06-05 11:00:00+05:30,1296.800048828125,1296.9000244140625,1293.699951171875,1294.0,349358
2026-06-05 11:05:00+05:30,1296.699951171875,1299.699951171875,1296.4000244140625,1296.800048828125,295760
2026-06-05 11:10:00+05:30,1297.0,1298.0,1295.5999755859375,1296.5999755859375,202261
2026-06-05 11:15:00+05:30,1294.5,1297.0,1294.0999755859375,1296.800048828125,175037
2026-06-05 11:20:00+05:30,1294.4000244140625,1295.0999755859375,1293.800048828125,1294.699951171875,127707
2026-06-05 11:25:00+05:30,1295.5,1295.5,1294.199951171875,1294.199951171875,174541
2026-06-05 11:30:00+05:30,1294.5,1295.9000244140625,1294.4000244140625,1295.300048828125,126936
2026-06-05 11:35:00+05:30,1294.0,1295.0,1293.699951171875,1294.5999755859375,96485
2026-06-05 11:40:00+05:30,1294.199951171875,1295.699951171875,1293.800048828125,1294.0,296260
2026-06-05 11:45:00+05:30,1294.4000244140625,1294.9000244140625,1293.800048828125,1294.4000244140625,102042
2026-06-05 11:50:00+05:30,1294.5,1294.699951171875,1293.800048828125,1294.199951171875,90375
2026-06-05 11:55:00+05:30,1294.300048828125,1294.9000244140625,1294.0,1294.5,123033
2026-06-05 12:00:00+05:30,1295.5999755859375,1295.800048828125,1294.0,1294.0999755859375,83299
2026-06-05 12:05:00+05:30,1295.699951171875,1296.4000244140625,1295.0,1295.5999755859375,526628
2026-06-05 12:10:00+05:30,1296.5,1296.5,1295.0,1295.699951171875,143702
2026-06-05 12:15:00+05:30,1297.5,1298.5,1296.0,1296.0,175659
2026-06-05 12:20:00+05:30,1299.300048828125,1299.300048828125,1297.4000244140625,1297.5,162295
2026-06-05 12:25:00+05:30,1300.199951171875,1301.0,1298.199951171875,1299.0,302017
2026-06-05 12:30:00+05:30,1299.699951171875,1301.0999755859375,1299.199951171875,1300.0,247785
2026-06-05 12:35:00+05:30,1299.5999755859375,1300.0,1297.5,1299.699951171875,199165
2026-06-05 12:40:00+05:30,1295.800048828125,1299.699951171875,1294.5999755859375,1299.5999755859375,1223702
2026-06-05 12:45:00+05:30,1295.300048828125,1296.0999755859375,1295.0999755859375,1295.0999755859375,109389
2026-06-05 12:50:00+05:30,1295.0,1295.9000244140625,1294.199951171875,1295.0,138233
2026-06-05 12:55:00+05:30,1295.300048828125,1295.5999755859375,1294.800048828125,1295.0,76956
2026-06-05 13:00:00+05:30,1295.5999755859375,1295.9000244140625,1294.9000244140625,1295.300048828125,76355
2026-06-05 13:05:00+05:30,1293.5999755859375,1295.800048828125,1293.199951171875,1295.800048828125,184874
2026-06-05 13:10:00+05:30,1290.9000244140625,1293.699951171875,1290.0,1293.5999755859375,666859
2026-06-05 13:15:00+05:30,1292.5999755859375,1292.800048828125,1290.300048828125,1290.9000244140625,156083
2026-06-05 13:20:00+05:30,1289.9000244140625,1293.4000244140625,1289.5999755859375,1292.699951171875,350223
2026-06-05 13:25:00+05:30,1289.9000244140625,1291.300048828125,1289.300048828125,1289.800048828125,170305
2026-06-05 13:30:00+05:30,1289.5,1290.0999755859375,1288.0999755859375,1289.800048828125,1193057
2026-06-05 13:35:00+05:30,1291.0,1291.300048828125,1289.0999755859375,1289.4000244140625,158347
2026-06-05 13:40:00+05:30,1290.0,1291.5999755859375,1289.5,1290.9000244140625,136187
2026-06-05 13:45:00+05:30,1291.800048828125,1291.9000244140625,1290.0,1290.4000244140625,100824
2026-06-05 13:50:00+05:30,1292.0,1292.699951171875,1291.0999755859375,1291.9000244140625,385273
2026-06-05 13:55:00+05:30,1292.0,1292.5,1291.300048828125,1292.4000244140625,89900
2026-06-05 14:00:00+05:30,1291.300048828125,1292.199951171875,1291.0,1291.800048828125,220927
2026-06-05 14:05:00+05:30,1291.699951171875,1292.0,1291.0999755859375,1291.199951171875,98643
2026-06-05 14:10:00+05:30,1292.0,1292.0,1291.0999755859375,1291.699951171875,77389
2026-06-05 14:15:00+05:30,1291.800048828125,1292.0,1290.5999755859375,1291.5999755859375,243798
2026-06-05 14:20:00+05:30,1291.800048828125,1292.0,1290.800048828125,1291.800048828125,81154
2026-06-05 14:25:00+05:30,1293.0999755859375,1293.0999755859375,1291.699951171875,1291.9000244140625,191590
2026-06-05 14:30:00+05:30,1293.0,1293.699951171875,1292.5,1293.0,111245
2026-06-05 14:35:00+05:30,1291.4000244140625,1293.0,1291.0,1292.699951171875,145539
2026-06-05 14:40:00+05:30,1294.4000244140625,1294.5999755859375,1291.0,1291.4000244140625,184161
2026-06-05 14:45:00+05:30,1293.9000244140625,1295.4000244140625,1293.5999755859375,1294.5,234324
2026-06-05 14:50:00+05:30,1293.0,1294.199951171875,1292.199951171875,1294.0,205120
2026-06-05 14:55:00+05:30,1291.300048828125,1293.0,1291.0,1292.9000244140625,190075
2026-06-05 15:00:00+05:30,1289.5999755859375,1291.699951171875,1289.5999755859375,1291.5,501865
2026-06-05 15:05:00+05:30,1289.800048828125,1290.5,1289.4000244140625,1289.5,376375
2026-06-05 15:10:00+05:30,1291.800048828125,1292.0,1289.800048828125,1290.0,316604
2026-06-05 15:15:00+05:30,1291.800048828125,1292.9000244140625,1291.0,1291.699951171875,373544
2026-06-05 15:20:00+05:30,1291.4000244140625,1292.0,1290.4000244140625,1291.9000244140625,377335
2026-06-05 15:25:00+05:30,1291.5,1292.800048828125,1290.800048828125,1291.199951171875,350647
2026-06-08 09:15:00+05:30,1276.800048828125,1281.5,1275.800048828125,1278.800048828125,0
2026-06-08 09:20:00+05:30,1275.5,1277.300048828125,1275.0,1276.300048828125,385680
2026-06-08 09:25:00+05:30,1274.9000244140625,1276.199951171875,1273.5,1275.5,252429
2026-06-08 09:30:00+05:30,1277.5,1277.699951171875,1274.800048828125,1275.0,297837
2026-06-08 09:35:00+05:30,1277.699951171875,1277.699951171875,1275.5999755859375,1277.5999755859375,360333
2026-06-08 09:40:00+05:30,1278.300048828125,1279.5999755859375,1277.199951171875,1277.800048828125,164988
2026-06-08 09:45:00+05:30,1278.0999755859375,1280.199951171875,1277.699951171875,1278.300048828125,200283
2026-06-08 09:50:00+05:30,1279.699951171875,1280.0,1277.0,1278.0999755859375,138796
2026-06-08 09:55:00+05:30,1281.4000244140625,1282.5999755859375,1279.800048828125,1279.800048828125,185439
2026-06-08 10:00:00+05:30,1280.800048828125,1281.800048828125,1279.199951171875,1281.5,160771
2026-06-08 10:05:00+05:30,1281.4000244140625,1281.699951171875,1280.4000244140625,1280.699951171875,75507
2026-06-08 10:10:00+05:30,1279.300048828125,1281.300048828125,1279.0999755859375,1281.199951171875,103165
2026-06-08 10:15:00+05:30,1279.0,1279.800048828125,1277.9000244140625,1279.300048828125,692923
2026-06-08 10:20:00+05:30,1277.4000244140625,1279.0,1277.0999755859375,1279.0,277867
2026-06-08 10:25:00+05:30,1275.300048828125,1277.4000244140625,1275.0999755859375,1277.4000244140625,108676
2026-06-08 10:30:00+05:30,1276.699951171875,1277.0,1275.0999755859375,1275.300048828125,102417
2026-06-08 10:35:00+05:30,1275.4000244140625,1276.699951171875,1275.0,1276.699951171875,225707
2026-06-08 10:40:00+05:30,1275.199951171875,1276.699951171875,1275.199951171875,1275.300048828125,210647
2026-06-08 10:45:00+05:30,1276.0,1276.0999755859375,1274.199951171875,1275.0,120499
2026-06-08 10:50:00+05:30,1274.9000244140625,1276.800048828125,1274.4000244140625,1276.0,357861
2026-06-08 10:55:00+05:30,1276.4000244140625,1276.4000244140625,1274.699951171875,1274.9000244140625,119167
2026-06-08 11:00:00+05:30,1276.4000244140625,1276.5,1276.0,1276.300048828125,64094
2026-06-08 11:05:00+05:30,1276.5999755859375,1276.5999755859375,1275.5,1276.4000244140625,157400
2026-06-08 11:10:00+05:30,1276.0,1277.0,1275.5,1276.5,195273
2026-06-08 11:15:00+05:30,1275.300048828125,1276.699951171875,1274.199951171875,1276.0,210718
2026-06-08 11:20:00+05:30,1275.699951171875,1276.5,1275.0999755859375,1275.4000244140625,107162
2026-06-08 11:25:00+05:30,1275.699951171875,1275.800048828125,1275.0,1275.699951171875,58975
2026-06-08 11:30:00+05:30,1276.300048828125,1276.699951171875,1275.199951171875,1275.5999755859375,134403
2026-06-08 11:35:00+05:30,1276.0999755859375,1276.300048828125,1275.4000244140625,1276.0,60580
2026-06-08 11:40:00+05:30,1275.5999755859375,1276.0999755859375,1275.300048828125,1276.0,63615
2026-06-08 11:45:00+05:30,1276.699951171875,1276.800048828125,1275.300048828125,1275.5999755859375,129622
2026-06-08 11:50:00+05:30,1276.199951171875,1276.699951171875,1275.300048828125,1276.5999755859375,137593
2026-06-08 11:55:00+05:30,1275.0999755859375,1276.4000244140625,1274.300048828125,1276.199951171875,193684
2026-06-08 12:00:00+05:30,1275.0999755859375,1275.0999755859375,1274.300048828125,1275.0999755859375,69986
2026-06-08 12:05:00+05:30,1275.300048828125,1275.4000244140625,1274.4000244140625,1275.0999755859375,80296
2026-06-08 12:10:00+05:30,1275.199951171875,1276.0999755859375,1275.0,1275.300048828125,104388
2026-06-08 12:15:00+05:30,1275.199951171875,1275.9000244140625,1274.9000244140625,1275.0999755859375,97440
2026-06-08 12:20:00+05:30,1275.9000244140625,1276.199951171875,1275.0,1275.199951171875,77687
2026-06-08 12:25:00+05:30,1275.0,1275.9000244140625,1275.0,1275.9000244140625,77704
2026-06-08 12:30:00+05:30,1275.5,1275.800048828125,1275.0,1275.0,119662
2026-06-08 12:35:00+05:30,1275.5999755859375,1275.699951171875,1275.0,1275.199951171875,96889
2026-06-08 12:40:00+05:30,1275.9000244140625,1276.199951171875,1275.0999755859375,1275.5999755859375,113248
2026-06-08 12:45:00+05:30,1277.0,1277.0,1275.4000244140625,1275.9000244140625,181382
2026-06-08 12:50:00+05:30,1277.0,1277.699951171875,1276.0,1277.0,154216
2026-06-08 12:55:00+05:30,1277.199951171875,1277.5,1276.699951171875,1277.0999755859375,81877
2026-06-08 13:00:00+05:30,1275.9000244140625,1277.199951171875,1275.5999755859375,1277.0999755859375,98634
2026-06-08 13:05:00+05:30,1274.800048828125,1275.9000244140625,1274.0999755859375,1275.800048828125,119486
2026-06-08 13:10:00+05:30,1274.0999755859375,1274.699951171875,1274.0,1274.699951171875,83291
2026-06-08 13:15:00+05:30,1274.199951171875,1274.800048828125,1273.800048828125,1274.0,79182
2026-06-08 13:20:00+05:30,1272.5999755859375,1274.199951171875,1272.0,1274.199951171875,175494
2026-06-08 13:25:00+05:30,1272.0,1272.5999755859375,1270.699951171875,1272.5999755859375,237172
2026-06-08 13:30:00+05:30,1271.300048828125,1272.5,1271.0,1271.9000244140625,105881
2026-06-08 13:35:00+05:30,1272.5,1272.5,1270.699951171875,1271.199951171875,789929
2026-06-08 13:40:00+05:30,1272.0,1272.5,1271.5,1272.0999755859375,103896
2026-06-08 13:45:00+05:30,1272.0999755859375,1272.4000244140625,1271.0999755859375,1272.0,173488
2026-06-08 13:50:00+05:30,1272.5,1272.800048828125,1271.5,1272.0999755859375,180504
2026-06-08 13:55:00+05:30,1272.800048828125,1272.9000244140625,1271.5,1272.5,138470
2026-06-08 14:00:00+05:30,1272.0999755859375,1272.800048828125,1271.9000244140625,1272.800048828125,163379
2026-06-08 14:05:00+05:30,1270.4000244140625,1272.300048828125,1270.300048828125,1272.0999755859375,200334
2026-06-08 14:10:00+05:30,1270.5999755859375,1270.9000244140625,1270.5,1270.5999755859375,80943
2026-06-08 14:15:00+05:30,1270.699951171875,1271.0,1270.300048828125,1270.5999755859375,127250
2026-06-08 14:20:00+05:30,1268.4000244140625,1270.800048828125,1268.0,1270.5,269238
2026-06-08 14:25:00+05:30,1267.0999755859375,1268.800048828125,1267.0,1268.800048828125,115931
2026-06-08 14:30:00+05:30,1268.699951171875,1269.4000244140625,1267.0,1267.0,120594
2026-06-08 14:35:00+05:30,1269.199951171875,1270.4000244140625,1268.300048828125,1268.699951171875,87952
2026-06-08 14:40:00+05:30,1270.5999755859375,1270.9000244140625,1268.0,1268.5,147194
2026-06-08 14:45:00+05:30,1268.0,1270.5999755859375,1267.300048828125,1270.5999755859375,330867
2026-06-08 14:50:00+05:30,1268.300048828125,1268.5,1267.199951171875,1267.5999755859375,169773
2026-06-08 14:55:00+05:30,1265.699951171875,1268.4000244140625,1265.300048828125,1268.4000244140625,332593
2026-06-08 15:00:00+05:30,1264.800048828125,1265.699951171875,1263.4000244140625,1265.699951171875,416434
2026-06-08 15:05:00+05:30,1264.800048828125,1265.9000244140625,1263.0999755859375,1264.9000244140625,782471
2026-06-08 15:10:00+05:30,1265.0999755859375,1265.5,1264.4000244140625,1265.0,283409
2026-06-08 15:15:00+05:30,1262.9000244140625,1265.0999755859375,1262.5,1265.0999755859375,1281365
2026-06-08 15:20:00+05:30,1261.0,1263.0,1260.4000244140625,1262.9000244140625,665586
2026-06-08 15:25:00+05:30,1262.800048828125,1263.0,1259.199951171875,1261.0,506874
2026-06-09 09:15:00+05:30,1271.9000244140625,1273.0999755859375,1265.5999755859375,1267.800048828125,0
2026-06-09 09:20:00+05:30,1271.800048828125,1274.199951171875,1271.0999755859375,1271.5,157987
2026-06-09 09:25:00+05:30,1269.9000244140625,1271.800048828125,1269.0,1271.699951171875,143155
2026-06-09 09:30:00+05:30,1269.5999755859375,1270.699951171875,1269.0999755859375,1270.0,135058
2026-06-09 09:35:00+05:30,1271.4000244140625,1271.9000244140625,1269.300048828125,1269.5999755859375,212701
2026-06-09 09:40:00+05:30,1270.0999755859375,1271.9000244140625,1269.699951171875,1271.4000244140625,538539
2026-06-09 09:45:00+05:30,1270.0999755859375,1271.5,1269.9000244140625,1270.0,76072
2026-06-09 09:50:00+05:30,1271.300048828125,1271.300048828125,1270.0,1270.0999755859375,67598
2026-06-09 09:55:00+05:30,1269.800048828125,1271.300048828125,1269.199951171875,1271.300048828125,74113
2026-06-09 10:00:00+05:30,1268.0999755859375,1270.0,1268.0999755859375,1269.800048828125,72814
2026-06-09 10:05:00+05:30,1269.4000244140625,1269.4000244140625,1268.5,1268.800048828125,59038
2026-06-09 10:10:00+05:30,1269.5,1269.699951171875,1268.5,1269.5999755859375,74535
2026-06-09 10:15:00+05:30,1268.0,1269.5999755859375,1268.0,1269.4000244140625,63645
2026-06-09 10:20:00+05:30,1267.5,1268.0,1266.699951171875,1268.0,114214
2026-06-09 10:25:00+05:30,1268.199951171875,1268.4000244140625,1266.699951171875,1267.5999755859375,56441
2026-06-09 10:30:00+05:30,1267.699951171875,1268.199951171875,1267.300048828125,1268.199951171875,47559
2026-06-09 10:35:00+05:30,1266.0,1267.699951171875,1265.800048828125,1267.699951171875,156512
2026-06-09 10:40:00+05:30,1266.4000244140625,1266.800048828125,1265.5999755859375,1266.0,122362
2026-06-09 10:45:00+05:30,1262.4000244140625,1267.0,1262.4000244140625,1266.4000244140625,203156
2026-06-09 10:50:00+05:30,1262.9000244140625,1264.0,1262.199951171875,1262.300048828125,108350
2026-06-09 10:55:00+05:30,1263.0,1263.699951171875,1262.5,1263.0,144329
2026-06-09 11:00:00+05:30,1263.0,1263.0,1262.800048828125,1263.0,52424
2026-06-09 11:05:00+05:30,1263.0,1263.800048828125,1262.9000244140625,1263.0,269019
2026-06-09 11:10:00+05:30,1264.699951171875,1264.800048828125,1263.0,1263.5999755859375,105488
2026-06-09 11:15:00+05:30,1264.699951171875,1264.9000244140625,1264.0999755859375,1264.199951171875,62348
2026-06-09 11:20:00+05:30,1263.300048828125,1264.699951171875,1262.800048828125,1264.5,184054
2026-06-09 11:25:00+05:30,1264.0999755859375,1264.699951171875,1262.9000244140625,1263.300048828125,262351
2026-06-09 11:30:00+05:30,1264.0999755859375,1264.5,1263.0,1264.0,198402
2026-06-09 11:35:00+05:30,1265.699951171875,1266.0,1263.9000244140625,1264.0999755859375,312762
2026-06-09 11:40:00+05:30,1263.0999755859375,1266.199951171875,1261.5999755859375,1265.699951171875,645970
2026-06-09 11:45:00+05:30,1264.9000244140625,1266.0,1262.699951171875,1263.0,228709
2026-06-09 11:50:00+05:30,1266.300048828125,1267.0,1264.699951171875,1264.9000244140625,186585
2026-06-09 11:55:00+05:30,1266.199951171875,1266.800048828125,1265.0,1266.300048828125,160895
2026-06-09 12:00:00+05:30,1265.0999755859375,1266.699951171875,1265.0,1266.199951171875,216931
2026-06-09 12:05:00+05:30,1264.5999755859375,1265.199951171875,1263.5,1265.0999755859375,107864
2026-06-09 12:10:00+05:30,1264.800048828125,1265.0,1264.199951171875,1264.199951171875,64749
2026-06-09 12:15:00+05:30,1265.300048828125,1265.300048828125,1264.699951171875,1264.800048828125,56298
2026-06-09 12:20:00+05:30,1264.5999755859375,1265.9000244140625,1264.5,1265.0,112501
2026-06-09 12:25:00+05:30,1264.5999755859375,1265.0,1264.199951171875,1264.5999755859375,50524
2026-06-09 12:30:00+05:30,1265.300048828125,1265.800048828125,1264.0,1264.4000244140625,124683
2026-06-09 12:35:00+05:30,1264.4000244140625,1266.0,1264.0,1265.800048828125,143818
2026-06-09 12:40:00+05:30,1263.9000244140625,1265.0,1263.5999755859375,1264.0999755859375,266444
2026-06-09 12:45:00+05:30,1263.0,1264.5999755859375,1263.0,1263.9000244140625,190248
2026-06-09 12:50:00+05:30,1263.0999755859375,1263.9000244140625,1262.5999755859375,1263.0,80716
2026-06-09 12:55:00+05:30,1263.0,1263.699951171875,1262.0999755859375,1263.0999755859375,598945
2026-06-09 13:00:00+05:30,1262.300048828125,1264.0,1261.9000244140625,1262.9000244140625,749198
2026-06-09 13:05:00+05:30,1260.5,1262.300048828125,1260.0,1262.300048828125,483819
2026-06-09 13:10:00+05:30,1262.0,1262.0,1260.5999755859375,1260.5999755859375,300373
2026-06-09 13:15:00+05:30,1259.300048828125,1262.0,1258.800048828125,1262.0,905886
2026-06-09 13:20:00+05:30,1259.699951171875,1260.0,1259.0999755859375,1259.300048828125,355684
2026-06-09 13:25:00+05:30,1260.0,1260.300048828125,1259.199951171875,1259.5999755859375,161827
2026-06-09 13:30:00+05:30,1258.9000244140625,1260.0,1258.800048828125,1259.800048828125,436468
2026-06-09 13:35:00+05:30,1259.9000244140625,1260.0,1258.4000244140625,1259.0,196766
2026-06-09 13:40:00+05:30,1259.5999755859375,1260.300048828125,1258.4000244140625,1259.9000244140625,1040417
2026-06-09 13:45:00+05:30,1259.0,1260.4000244140625,1258.0,1259.5999755859375,348511
2026-06-09 13:50:00+05:30,1259.4000244140625,1260.0,1258.5999755859375,1259.0,144348
2026-06-09 13:55:00+05:30,1259.0,1259.800048828125,1258.5,1259.5,146588
2026-06-09 14:00:00+05:30,1258.5999755859375,1259.0,1258.5999755859375,1258.9000244140625,89840
2026-06-09 14:05:00+05:30,1260.0,1260.300048828125,1258.5,1258.699951171875,237188
2026-06-09 14:10:00+05:30,1259.300048828125,1261.5999755859375,1259.300048828125,1259.9000244140625,284428
2026-06-09 14:15:00+05:30,1259.0,1260.0,1258.4000244140625,1259.300048828125,553186
2026-06-09 14:20:00+05:30,1258.0999755859375,1259.0,1257.5999755859375,1259.0,325825
2026-06-09 14:25:00+05:30,1259.300048828125,1259.4000244140625,1257.9000244140625,1258.0999755859375,356099
2026-06-09 14:30:00+05:30,1259.9000244140625,1260.0,1258.5,1259.300048828125,289126
2026-06-09 14:35:00+05:30,1261.9000244140625,1262.0,1259.0999755859375,1259.9000244140625,308202
2026-06-09 14:40:00+05:30,1264.199951171875,1264.699951171875,1261.5,1261.5,498161
2026-06-09 14:45:00+05:30,1263.0999755859375,1264.4000244140625,1262.699951171875,1264.0999755859375,273060
2026-06-09 14:50:00+05:30,1267.199951171875,1267.4000244140625,1263.199951171875,1263.4000244140625,755455
2026-06-09 14:55:00+05:30,1269.5999755859375,1269.9000244140625,1266.5999755859375,1267.0999755859375,709947
2026-06-09 15:00:00+05:30,1267.800048828125,1269.5999755859375,1267.0999755859375,1269.300048828125,865420
2026-06-09 15:05:00+05:30,1270.0999755859375,1271.300048828125,1266.800048828125,1268.5999755859375,2189184
2026-06-09 15:10:00+05:30,1269.4000244140625,1270.5,1267.5,1270.199951171875,970599
2026-06-09 15:15:00+05:30,1269.199951171875,1269.699951171875,1267.9000244140625,1269.4000244140625,677645
2026-06-09 15:20:00+05:30,1272.199951171875,1272.4000244140625,1269.0,1269.199951171875,792989
2026-06-09 15:25:00+05:30,1272.5,1272.9000244140625,1271.699951171875,1272.0999755859375,308608
2026-06-10 09:15:00+05:30,1289.0,1292.800048828125,1275.199951171875,1275.199951171875,0
2026-06-10 09:20:00+05:30,1288.5,1290.0,1284.5,1288.9000244140625,387143
2026-06-10 09:25:00+05:30,1292.699951171875,1292.699951171875,1286.0,1288.5,342135
2026-06-10 09:30:00+05:30,1297.0,1300.4000244140625,1292.699951171875,1292.699951171875,647929
2026-06-10 09:35:00+05:30,1293.5,1297.0,1292.699951171875,1296.9000244140625,230048
2026-06-10 09:40:00+05:30,1294.300048828125,1295.5999755859375,1292.800048828125,1293.4000244140625,172540
2026-06-10 09:45:00+05:30,1298.300048828125,1299.699951171875,1294.300048828125,1294.300048828125,342926
2026-06-10 09:50:00+05:30,1297.5,1298.300048828125,1297.0999755859375,1297.699951171875,119197
2026-06-10 09:55:00+05:30,1293.4000244140625,1297.9000244140625,1293.4000244140625,1297.9000244140625,147820
2026-06-10 10:00:00+05:30,1291.0,1293.800048828125,1290.300048828125,1293.800048828125,224496
2026-06-10 10:05:00+05:30,1288.0999755859375,1291.0,1287.5999755859375,1291.0,222227
2026-06-10 10:10:00+05:30,1284.300048828125,1288.699951171875,1283.0,1288.5,256603
2026-06-10 10:15:00+05:30,1283.4000244140625,1284.300048828125,1281.199951171875,1283.9000244140625,275521
2026-06-10 10:20:00+05:30,1282.300048828125,1283.5999755859375,1280.5,1283.5,167328
2026-06-10 10:25:00+05:30,1282.300048828125,1282.800048828125,1280.0999755859375,1282.5999755859375,171900
2026-06-10 10:30:00+05:30,1282.699951171875,1282.699951171875,1280.9000244140625,1282.199951171875,138112
2026-06-10 10:35:00+05:30,1280.300048828125,1283.5,1280.199951171875,1282.699951171875,203299
2026-06-10 10:40:00+05:30,1280.300048828125,1280.5,1279.0,1280.199951171875,199833
2026-06-10 10:45:00+05:30,1281.199951171875,1281.199951171875,1279.0999755859375,1280.4000244140625,148236
2026-06-10 10:50:00+05:30,1282.199951171875,1283.300048828125,1280.9000244140625,1281.199951171875,262647
2026-06-10 10:55:00+05:30,1283.0,1283.0,1281.0999755859375,1282.4000244140625,325755
2026-06-10 11:00:00+05:30,1281.5,1283.9000244140625,1280.5999755859375,1282.9000244140625,144062
2026-06-10 11:05:00+05:30,1281.199951171875,1281.699951171875,1279.800048828125,1281.699951171875,79999
2026-06-10 11:10:00+05:30,1281.4000244140625,1281.5,1280.300048828125,1281.199951171875,106201
2026-06-10 11:15:00+05:30,1279.300048828125,1282.0,1278.9000244140625,1281.300048828125,247910
2026-06-10 11:20:00+05:30,1280.300048828125,1280.699951171875,1278.0999755859375,1279.0999755859375,238456
2026-06-10 11:25:00+05:30,1280.0,1281.0,1279.300048828125,1280.199951171875,309372
2026-06-10 11:30:00+05:30,1278.5,1280.5999755859375,1278.0,1280.5,122054
2026-06-10 11:35:00+05:30,1278.300048828125,1279.0,1277.0999755859375,1278.4000244140625,129129
2026-06-10 11:40:00+05:30,1277.9000244140625,1278.9000244140625,1277.5999755859375,1278.5,152920
2026-06-10 11:45:00+05:30,1277.0,1277.9000244140625,1276.4000244140625,1277.9000244140625,115567
2026-06-10 11:50:00+05:30,1277.5,1277.699951171875,1276.5,1276.9000244140625,152100
2026-06-10 11:55:00+05:30,1276.9000244140625,1277.5999755859375,1276.199951171875,1277.5999755859375,106348
2026-06-10 12:00:00+05:30,1275.800048828125,1277.0,1274.4000244140625,1276.9000244140625,183809
2026-06-10 12:05:00+05:30,1275.300048828125,1276.300048828125,1274.699951171875,1276.0,119656
2026-06-10 12:10:00+05:30,1275.0,1275.300048828125,1274.4000244140625,1275.300048828125,85641
2026-06-10 12:15:00+05:30,1274.0,1275.4000244140625,1274.0,1275.0,95710
2026-06-10 12:20:00+05:30,1271.699951171875,1274.5,1271.5,1274.5,243235
2026-06-10 12:25:00+05:30,1271.300048828125,1273.0,1270.699951171875,1271.9000244140625,144147
2026-06-10 12:30:00+05:30,1271.5,1272.5,1271.0,1271.300048828125,202172
2026-06-10 12:35:00+05:30,1270.699951171875,1272.0,1270.5,1271.5,142801
2026-06-10 12:40:00+05:30,1269.5999755859375,1271.0,1269.0999755859375,1270.699951171875,247817
2026-06-10 12:45:00+05:30,1270.800048828125,1270.9000244140625,1268.300048828125,1269.9000244140625,232400
2026-06-10 12:50:00+05:30,1271.0,1272.9000244140625,1270.5,1270.800048828125,456054
2026-06-10 12:55:00+05:30,1270.300048828125,1271.0,1268.5,1271.0,277803
2026-06-10 13:00:00+05:30,1274.5999755859375,1275.4000244140625,1270.199951171875,1270.4000244140625,193645
2026-06-10 13:05:00+05:30,1271.0,1274.699951171875,1269.5999755859375,1274.300048828125,2334298
2026-06-10 13:10:00+05:30,1268.9000244140625,1271.4000244140625,1268.199951171875,1271.0,245299
2026-06-10 13:15:00+05:30,1269.0999755859375,1270.5,1267.800048828125,1268.9000244140625,280312
2026-06-10 13:20:00+05:30,1268.5999755859375,1270.0999755859375,1268.5,1269.4000244140625,171237
2026-06-10 13:25:00+05:30,1270.699951171875,1271.300048828125,1268.199951171875,1268.5999755859375,492569
2026-06-10 13:30:00+05:30,1270.0,1271.800048828125,1269.699951171875,1270.5,497972
2026-06-10 13:35:00+05:30,1269.9000244140625,1271.4000244140625,1269.5999755859375,1270.0,261861
2026-06-10 13:40:00+05:30,1267.0999755859375,1270.5,1267.0,1270.0999755859375,164615
2026-06-10 13:45:00+05:30,1268.300048828125,1270.5999755859375,1267.0,1267.0999755859375,267581
2026-06-10 13:50:00+05:30,1267.800048828125,1268.800048828125,1267.800048828125,1268.4000244140625,85047
2026-06-10 13:55:00+05:30,1269.0,1269.0,1267.5,1267.699951171875,93496
2026-06-10 14:00:00+05:30,1269.800048828125,1270.0,1267.5999755859375,1269.0,85510
2026-06-10 14:05:00+05:30,1268.9000244140625,1269.9000244140625,1268.4000244140625,1269.5999755859375,104448
2026-06-10 14:10:00+05:30,1267.0999755859375,1269.300048828125,1266.0,1268.5999755859375,215773
2026-06-10 14:15:00+05:30,1267.9000244140625,1269.199951171875,1265.9000244140625,1267.199951171875,150672
2026-06-10 14:20:00+05:30,1268.5,1269.5999755859375,1267.5,1267.800048828125,135973
2026-06-10 14:25:00+05:30,1265.9000244140625,1268.9000244140625,1265.5,1268.5,121102
2026-06-10 14:30:00+05:30,1264.800048828125,1266.199951171875,1264.0999755859375,1265.5999755859375,257756
2026-06-10 14:35:00+05:30,1264.0999755859375,1265.800048828125,1264.0999755859375,1264.5,128817
2026-06-10 14:40:00+05:30,1263.4000244140625,1265.699951171875,1262.800048828125,1264.9000244140625,326693
2026-06-10 14:45:00+05:30,1262.0,1263.800048828125,1261.5,1263.0,175998
2026-06-10 14:50:00+05:30,1262.0,1263.0,1261.5,1262.0,228214
2026-06-10 14:55:00+05:30,1262.5,1264.0,1261.9000244140625,1262.0,200131
2026-06-10 15:00:00+05:30,1259.699951171875,1262.5,1259.699951171875,1262.5,520328
2026-06-10 15:05:00+05:30,1261.0,1261.300048828125,1259.5,1260.199951171875,384481
2026-06-10 15:10:00+05:30,1258.699951171875,1261.800048828125,1258.199951171875,1260.699951171875,423469
2026-06-10 15:15:00+05:30,1257.9000244140625,1260.5,1255.199951171875,1258.699951171875,940982
2026-06-10 15:20:00+05:30,1258.0,1259.9000244140625,1256.9000244140625,1257.9000244140625,769982
2026-06-10 15:25:00+05:30,1258.5,1258.9000244140625,1256.5,1258.0,300569
2026-06-11 09:15:00+05:30,1257.0,1258.5999755859375,1253.5999755859375,1256.0999755859375,0
2026-06-11 09:20:00+05:30,1257.0,1260.4000244140625,1256.699951171875,1257.699951171875,239855
2026-06-11 09:25:00+05:30,1261.199951171875,1261.199951171875,1256.4000244140625,1256.699951171875,135668
2026-06-11 09:30:00+05:30,1260.300048828125,1262.4000244140625,1259.199951171875,1261.699951171875,152693
2026-06-11 09:35:00+05:30,1261.5,1261.9000244140625,1258.0,1260.4000244140625,113578
2026-06-11 09:40:00+05:30,1262.300048828125,1262.300048828125,1260.0999755859375,1261.4000244140625,92180
2026-06-11 09:45:00+05:30,1262.5999755859375,1263.199951171875,1261.5,1262.199951171875,221553
2026-06-11 09:50:00+05:30,1261.4000244140625,1265.0,1261.300048828125,1263.0,154974
2026-06-11 09:55:00+05:30,1259.0,1262.4000244140625,1258.5999755859375,1261.4000244140625,238236
2026-06-11 10:00:00+05:30,1260.0,1261.4000244140625,1258.0,1259.0,273245
2026-06-11 10:05:00+05:30,1263.5999755859375,1264.0,1259.699951171875,1260.0,87446
2026-06-11 10:10:00+05:30,1265.300048828125,1266.5,1263.5,1263.5,117399
2026-06-11 10:15:00+05:30,1267.0999755859375,1267.5,1264.800048828125,1265.199951171875,96808
2026-06-11 10:20:00+05:30,1265.0,1267.4000244140625,1265.0,1267.0,148700
2026-06-11 10:25:00+05:30,1266.4000244140625,1266.5999755859375,1265.0,1265.300048828125,49661
2026-06-11 10:30:00+05:30,1265.5,1266.5999755859375,1265.0,1266.5999755859375,104290
2026-06-11 10:35:00+05:30,1266.0,1266.0,1264.0,1265.5,130488
2026-06-11 10:40:00+05:30,1265.5,1266.5,1265.0,1266.0,81331
2026-06-11 10:45:00+05:30,1265.0,1266.0,1265.0,1265.5999755859375,56789
2026-06-11 10:50:00+05:30,1265.5,1266.0,1265.0999755859375,1265.0999755859375,33435
2026-06-11 10:55:00+05:30,1265.199951171875,1265.800048828125,1265.0999755859375,1265.4000244140625,35806
2026-06-11 11:00:00+05:30,1265.699951171875,1266.0,1265.0,1265.5,69434
2026-06-11 11:05:00+05:30,1269.5999755859375,1269.9000244140625,1265.5,1265.5,177608
2026-06-11 11:10:00+05:30,1266.5999755859375,1269.5999755859375,1266.5999755859375,1269.5999755859375,60829
2026-06-11 11:15:00+05:30,1267.199951171875,1267.800048828125,1266.199951171875,1266.699951171875,44902
2026-06-11 11:20:00+05:30,1269.0999755859375,1269.5,1266.5,1267.5,99747
2026-06-11 11:25:00+05:30,1269.4000244140625,1270.0,1268.800048828125,1269.5,121627
2026-06-11 11:30:00+05:30,1267.5999755859375,1269.699951171875,1267.5,1269.699951171875,52256
2026-06-11 11:35:00+05:30,1269.4000244140625,1269.4000244140625,1267.0,1267.800048828125,670312
2026-06-11 11:40:00+05:30,1269.4000244140625,1270.0,1268.5,1269.300048828125,194718
2026-06-11 11:45:00+05:30,1269.699951171875,1270.0,1269.199951171875,1269.5,80309
2026-06-11 11:50:00+05:30,1269.0,1269.5,1269.0,1269.5,57661
2026-06-11 11:55:00+05:30,1269.5999755859375,1269.5999755859375,1269.0,1269.0999755859375,58545
2026-06-11 12:00:00+05:30,1269.699951171875,1270.0,1269.300048828125,1269.699951171875,194986
2026-06-11 12:05:00+05:30,1269.5,1269.800048828125,1267.9000244140625,1269.699951171875,179993
2026-06-11 12:10:00+05:30,1269.4000244140625,1269.699951171875,1269.0,1269.5,131068
2026-06-11 12:15:00+05:30,1273.0,1273.800048828125,1269.0999755859375,1269.199951171875,208749
2026-06-11 12:20:00+05:30,1272.5,1273.9000244140625,1272.0,1273.199951171875,84321
2026-06-11 12:25:00+05:30,1273.0,1273.5,1271.5,1272.800048828125,62842
2026-06-11 12:30:00+05:30,1275.9000244140625,1276.0,1272.699951171875,1273.0999755859375,119645
2026-06-11 12:35:00+05:30,1269.199951171875,1276.0,1268.300048828125,1276.0,569725
2026-06-11 12:40:00+05:30,1269.5,1270.0,1269.0,1269.300048828125,200088
2026-06-11 12:45:00+05:30,1269.699951171875,1269.9000244140625,1269.0999755859375,1269.5,56840
2026-06-11 12:50:00+05:30,1269.300048828125,1269.800048828125,1268.5,1269.699951171875,79910
2026-06-11 12:55:00+05:30,1269.699951171875,1269.699951171875,1268.199951171875,1269.5,166510
2026-06-11 13:00:00+05:30,1269.5,1270.4000244140625,1269.199951171875,1269.800048828125,122180
2026-06-11 13:05:00+05:30,1269.4000244140625,1270.5,1269.0,1269.699951171875,45899
2026-06-11 13:10:00+05:30,1268.0,1269.5,1267.4000244140625,1269.0999755859375,129154
2026-06-11 13:15:00+05:30,1267.300048828125,1267.9000244140625,1266.300048828125,1267.5,140037
2026-06-11 13:20:00+05:30,1266.4000244140625,1267.800048828125,1265.0,1267.300048828125,195117
2026-06-11 13:25:00+05:30,1267.5,1267.5,1265.5,1266.4000244140625,58739
2026-06-11 13:30:00+05:30,1267.0999755859375,1267.9000244140625,1266.5999755859375,1267.300048828125,62872
2026-06-11 13:35:00+05:30,1266.9000244140625,1267.5,1266.5,1267.0999755859375,24530
2026-06-11 13:40:00+05:30,1265.800048828125,1266.9000244140625,1265.199951171875,1266.5,69831
2026-06-11 13:45:00+05:30,1266.4000244140625,1267.0,1265.0,1265.800048828125,49469
2026-06-11 13:50:00+05:30,1267.0999755859375,1267.5999755859375,1266.199951171875,1266.699951171875,51384
2026-06-11 13:55:00+05:30,1266.699951171875,1267.5999755859375,1266.4000244140625,1267.300048828125,60425
2026-06-11 14:00:00+05:30,1267.300048828125,1267.5999755859375,1265.4000244140625,1266.699951171875,230176
2026-06-11 14:05:00+05:30,1266.699951171875,1267.800048828125,1265.199951171875,1267.199951171875,81230
2026-06-11 14:10:00+05:30,1267.5999755859375,1267.800048828125,1266.199951171875,1266.699951171875,47247
2026-06-11 14:15:00+05:30,1265.800048828125,1267.5999755859375,1265.5,1267.5999755859375,35335
2026-06-11 14:20:00+05:30,1266.5,1267.300048828125,1265.5999755859375,1265.9000244140625,42846
2026-06-11 14:25:00+05:30,1267.4000244140625,1268.0,1266.4000244140625,1266.5,97280
2026-06-11 14:30:00+05:30,1268.800048828125,1269.800048828125,1266.800048828125,1267.4000244140625,138030
2026-06-11 14:35:00+05:30,1269.0,1270.4000244140625,1266.0999755859375,1269.0,634492
2026-06-11 14:40:00+05:30,1267.699951171875,1270.0,1267.0,1268.800048828125,377580
2026-06-11 14:45:00+05:30,1267.5,1268.300048828125,1265.0999755859375,1267.699951171875,463238
2026-06-11 14:50:00+05:30,1266.4000244140625,1267.5999755859375,1265.0999755859375,1267.5999755859375,337841
2026-06-11 14:55:00+05:30,1267.0,1267.300048828125,1265.9000244140625,1266.4000244140625,61434
2026-06-11 15:00:00+05:30,1264.0999755859375,1267.0999755859375,1262.699951171875,1266.9000244140625,726363
2026-06-11 15:05:00+05:30,1261.5999755859375,1264.300048828125,1260.300048828125,1264.300048828125,946884
2026-06-11 15:10:00+05:30,1262.0999755859375,1262.9000244140625,1260.199951171875,1261.699951171875,343909
2026-06-11 15:15:00+05:30,1262.699951171875,1263.9000244140625,1261.199951171875,1261.5,246229
2026-06-11 15:20:00+05:30,1262.699951171875,1262.9000244140625,1261.800048828125,1262.300048828125,224116
2026-06-11 15:25:00+05:30,1264.0999755859375,1264.5,1262.4000244140625,1262.699951171875,197958
2026-06-12 09:15:00+05:30,1275.9000244140625,1280.5,1274.0,1276.0999755859375,0
2026-06-12 09:20:00+05:30,1274.199951171875,1276.699951171875,1273.5,1275.9000244140625,129771
2026-06-12 09:25:00+05:30,1272.300048828125,1274.5999755859375,1271.300048828125,1274.0,193969
2026-06-12 09:30:00+05:30,1271.5,1272.5999755859375,1270.4000244140625,1272.5999755859375,135670
2026-06-12 09:35:00+05:30,1269.9000244140625,1271.5999755859375,1269.4000244140625,1271.5,167530
2026-06-12 09:40:00+05:30,1270.199951171875,1270.800048828125,1269.800048828125,1270.0,138359
2026-06-12 09:45:00+05:30,1270.199951171875,1270.9000244140625,1269.199951171875,1270.0999755859375,88978
2026-06-12 09:50:00+05:30,1269.300048828125,1270.0999755859375,1269.199951171875,1269.800048828125,93114
2026-06-12 09:55:00+05:30,1268.800048828125,1270.0,1268.5,1269.4000244140625,67789
2026-06-12 10:00:00+05:30,1268.9000244140625,1269.300048828125,1267.699951171875,1268.5999755859375,130896
2026-06-12 10:05:00+05:30,1268.4000244140625,1269.199951171875,1268.0,1268.699951171875,55133
2026-06-12 10:10:00+05:30,1270.0,1270.5,1268.5999755859375,1269.0,66805
2026-06-12 10:15:00+05:30,1269.199951171875,1270.4000244140625,1268.800048828125,1270.0999755859375,93117
2026-06-12 10:20:00+05:30,1270.4000244140625,1270.5,1269.199951171875,1269.5999755859375,78235
2026-06-12 10:25:00+05:30,1269.9000244140625,1270.699951171875,1269.199951171875,1270.5,151575
2026-06-12 10:30:00+05:30,1269.4000244140625,1269.800048828125,1269.0999755859375,1269.800048828125,55518
2026-06-12 10:35:00+05:30,1269.9000244140625,1269.9000244140625,1269.199951171875,1269.4000244140625,57936
2026-06-12 10:40:00+05:30,1269.0999755859375,1269.9000244140625,1269.0,1269.9000244140625,30175
2026-06-12 10:45:00+05:30,1267.800048828125,1269.0999755859375,1266.4000244140625,1269.0999755859375,87697
2026-06-12 10:50:00+05:30,1266.5,1267.9000244140625,1265.5999755859375,1267.5999755859375,88241
2026-06-12 10:55:00+05:30,1268.199951171875,1268.5999755859375,1266.5,1266.800048828125,69020
2026-06-12 11:00:00+05:30,1268.5,1268.800048828125,1267.5999755859375,1268.5,46271
2026-06-12 11:05:00+05:30,1268.4000244140625,1268.800048828125,1267.5,1268.5,46989
2026-06-12 11:10:00+05:30,1270.0,1270.0,1268.5999755859375,1268.5999755859375,36717
2026-06-12 11:15:00+05:30,1269.800048828125,1270.0,1269.5999755859375,1269.9000244140625,91234
2026-06-12 11:20:00+05:30,1269.9000244140625,1270.0,1269.300048828125,1269.9000244140625,85319
2026-06-12 11:25:00+05:30,1269.9000244140625,1270.199951171875,1269.300048828125,1269.9000244140625,221969
2026-06-12 11:30:00+05:30,1270.0,1270.300048828125,1269.5999755859375,1269.9000244140625,183342
2026-06-12 11:35:00+05:30,1269.0999755859375,1270.0,1269.0999755859375,1270.0,48468
2026-06-12 11:40:00+05:30,1270.699951171875,1270.800048828125,1269.0,1269.199951171875,194484
2026-06-12 11:45:00+05:30,1270.0,1270.699951171875,1269.800048828125,1270.699951171875,75139
2026-06-12 11:50:00+05:30,1270.0,1270.5,1269.5999755859375,1270.0,199556
2026-06-12 11:55:00+05:30,1269.699951171875,1270.800048828125,1269.699951171875,1270.0,145504
2026-06-12 12:00:00+05:30,1269.699951171875,1271.699951171875,1269.699951171875,1270.0,956804
2026-06-12 12:05:00+05:30,1267.5,1270.0,1267.4000244140625,1270.0,238372
2026-06-12 12:10:00+05:30,1266.5,1267.699951171875,1266.0999755859375,1267.699951171875,62832
2026-06-12 12:15:00+05:30,1265.9000244140625,1266.800048828125,1265.5,1266.5,52944
2026-06-12 12:20:00+05:30,1266.4000244140625,1267.199951171875,1265.800048828125,1265.9000244140625,54786
2026-06-12 12:25:00+05:30,1265.199951171875,1267.0999755859375,1264.5,1266.5999755859375,95979
2026-06-12 12:30:00+05:30,1264.300048828125,1265.4000244140625,1263.5999755859375,1265.0,99790
2026-06-12 12:35:00+05:30,1263.4000244140625,1264.800048828125,1263.0999755859375,1264.199951171875,99540
2026-06-12 12:40:00+05:30,1263.5,1264.0,1262.5,1263.4000244140625,88610
2026-06-12 12:45:00+05:30,1262.9000244140625,1263.9000244140625,1262.5,1263.5999755859375,84534
2026-06-12 12:50:00+05:30,1263.300048828125,1263.5,1262.5,1262.5999755859375,53980
2026-06-12 12:55:00+05:30,1264.0,1264.5,1263.4000244140625,1263.5,62467
2026-06-12 13:00:00+05:30,1264.5999755859375,1264.699951171875,1263.800048828125,1263.9000244140625,31006
2026-06-12 13:05:00+05:30,1264.4000244140625,1265.5,1264.0,1264.5999755859375,63368
2026-06-12 13:10:00+05:30,1264.0,1264.9000244140625,1263.800048828125,1264.4000244140625,73317
2026-06-12 13:15:00+05:30,1265.199951171875,1265.4000244140625,1264.0,1264.0,50888
2026-06-12 13:20:00+05:30,1265.0,1266.0,1265.0,1265.0,44406
2026-06-12 13:25:00+05:30,1268.5,1268.9000244140625,1264.0,1265.300048828125,134476
2026-06-12 13:30:00+05:30,1273.0,1274.0,1268.300048828125,1268.300048828125,662493
2026-06-12 13:35:00+05:30,1276.0,1277.5,1273.0,1273.0,266763
2026-06-12 13:40:00+05:30,1276.4000244140625,1277.0,1275.300048828125,1275.800048828125,122944
2026-06-12 13:45:00+05:30,1278.5999755859375,1280.800048828125,1276.0,1276.4000244140625,343362
2026-06-12 13:50:00+05:30,1277.5999755859375,1279.5999755859375,1277.0999755859375,1279.199951171875,98849
2026-06-12 13:55:00+05:30,1281.5,1282.300048828125,1277.5,1277.5999755859375,215565
2026-06-12 14:00:00+05:30,1284.0,1285.800048828125,1279.4000244140625,1281.199951171875,323048
2026-06-12 14:05:00+05:30,1281.5,1284.699951171875,1281.0,1284.0,127839
2026-06-12 14:10:00+05:30,1282.699951171875,1282.9000244140625,1280.300048828125,1281.5,69732
2026-06-12 14:15:00+05:30,1284.5,1284.699951171875,1282.5999755859375,1282.800048828125,154595
2026-06-12 14:20:00+05:30,1282.800048828125,1285.0,1282.4000244140625,1284.800048828125,103041
2026-06-12 14:25:00+05:30,1283.9000244140625,1284.199951171875,1281.5999755859375,1282.5999755859375,87695
2026-06-12 14:30:00+05:30,1284.5,1284.699951171875,1283.300048828125,1284.0,117379
2026-06-12 14:35:00+05:30,1287.300048828125,1287.300048828125,1283.0,1284.4000244140625,230003
2026-06-12 14:40:00+05:30,1286.300048828125,1287.5,1285.199951171875,1287.199951171875,194202
2026-06-12 14:45:00+05:30,1286.800048828125,1287.5,1285.5,1286.0,98063
2026-06-12 14:50:00+05:30,1290.9000244140625,1292.300048828125,1286.0,1286.9000244140625,413860
2026-06-12 14:55:00+05:30,1290.0999755859375,1291.4000244140625,1289.699951171875,1291.0,152984
2026-06-12 15:00:00+05:30,1292.300048828125,1292.699951171875,1288.699951171875,1290.4000244140625,403571
2026-06-12 15:05:00+05:30,1291.300048828125,1293.300048828125,1290.5,1292.300048828125,266101
2026-06-12 15:10:00+05:30,1292.0,1292.300048828125,1290.0999755859375,1291.4000244140625,236653
2026-06-12 15:15:00+05:30,1295.800048828125,1296.5,1290.5,1292.0,544982
2026-06-12 15:20:00+05:30,1295.199951171875,1296.199951171875,1293.800048828125,1296.0999755859375,251249
2026-06-12 15:25:00+05:30,1296.5,1296.800048828125,1294.5999755859375,1295.199951171875,285244
2026-06-15 09:15:00+05:30,1309.0,1321.0,1306.0999755859375,1320.0,0
2026-06-15 09:20:00+05:30,1317.5,1318.4000244140625,1309.0,1309.0999755859375,1288567
2026-06-15 09:25:00+05:30,1311.4000244140625,1319.0,1311.0,1317.0999755859375,1077051
2026-06-15 09:30:00+05:30,1315.0,1315.5,1311.699951171875,1311.699951171875,243310
2026-06-15 09:35:00+05:30,1317.0999755859375,1318.300048828125,1314.4000244140625,1316.800048828125,310619
2026-06-15 09:40:00+05:30,1320.5,1321.0,1317.300048828125,1317.4000244140625,426968
2026-06-15 09:45:00+05:30,1317.0999755859375,1321.0,1316.0,1320.5,288046
2026-06-15 09:50:00+05:30,1315.800048828125,1319.0,1315.300048828125,1317.5,133832
2026-06-15 09:55:00+05:30,1315.199951171875,1316.4000244140625,1314.300048828125,1315.800048828125,151553
2026-06-15 10:00:00+05:30,1317.0,1317.800048828125,1315.0,1315.0,142916
2026-06-15 10:05:00+05:30,1313.5,1317.300048828125,1313.5,1317.300048828125,201701
2026-06-15 10:10:00+05:30,1314.0999755859375,1314.199951171875,1313.0,1313.800048828125,391635
2026-06-15 10:15:00+05:30,1313.800048828125,1315.9000244140625,1313.4000244140625,1314.0999755859375,141898
2026-06-15 10:20:00+05:30,1315.4000244140625,1316.0,1313.300048828125,1313.800048828125,112507
2026-06-15 10:25:00+05:30,1318.0,1318.5,1314.699951171875,1315.4000244140625,123297
2026-06-15 10:30:00+05:30,1314.5,1318.699951171875,1314.5,1318.0,263382
2026-06-15 10:35:00+05:30,1314.4000244140625,1315.0,1313.4000244140625,1314.9000244140625,176012
2026-06-15 10:40:00+05:30,1312.5,1314.800048828125,1312.0,1314.0999755859375,159371
2026-06-15 10:45:00+05:30,1312.5999755859375,1314.4000244140625,1312.0,1312.5999755859375,148132
2026-06-15 10:50:00+05:30,1312.5,1313.0999755859375,1312.0999755859375,1312.699951171875,125820
2026-06-15 10:55:00+05:30,1313.0,1313.199951171875,1312.5,1312.699951171875,82662
2026-06-15 11:00:00+05:30,1312.0999755859375,1313.0999755859375,1311.9000244140625,1313.0,109471
2026-06-15 11:05:00+05:30,1311.800048828125,1312.0999755859375,1311.699951171875,1312.0999755859375,56912
2026-06-15 11:10:00+05:30,1312.9000244140625,1313.199951171875,1311.800048828125,1311.9000244140625,102502
2026-06-15 11:15:00+05:30,1314.199951171875,1314.199951171875,1312.5999755859375,1312.9000244140625,119440
2026-06-15 11:20:00+05:30,1314.9000244140625,1315.0,1313.5999755859375,1314.0,91172
2026-06-15 11:25:00+05:30,1314.199951171875,1314.9000244140625,1313.4000244140625,1314.9000244140625,119665
2026-06-15 11:30:00+05:30,1314.4000244140625,1315.0,1313.9000244140625,1314.300048828125,107474
2026-06-15 11:35:00+05:30,1314.0999755859375,1314.699951171875,1313.5,1314.4000244140625,112559
2026-06-15 11:40:00+05:30,1314.0,1314.5999755859375,1313.699951171875,1314.0999755859375,77254
2026-06-15 11:45:00+05:30,1313.5999755859375,1314.0,1313.199951171875,1314.0,79847
2026-06-15 11:50:00+05:30,1312.5999755859375,1313.5999755859375,1312.5,1313.5999755859375,192155
2026-06-15 11:55:00+05:30,1312.5,1313.300048828125,1311.800048828125,1312.5,158504
2026-06-15 12:00:00+05:30,1312.0,1312.9000244140625,1311.800048828125,1312.5999755859375,75376
2026-06-15 12:05:00+05:30,1311.199951171875,1312.4000244140625,1310.9000244140625,1312.0,126696
2026-06-15 12:10:00+05:30,1311.0,1311.5,1310.5999755859375,1311.199951171875,76045
2026-06-15 12:15:00+05:30,1309.5,1311.0,1309.4000244140625,1310.699951171875,160898
2026-06-15 12:20:00+05:30,1308.5999755859375,1310.300048828125,1308.5,1310.0,409840
2026-06-15 12:25:00+05:30,1307.5,1309.199951171875,1307.0,1309.0,405848
2026-06-15 12:30:00+05:30,1307.0999755859375,1308.0,1306.5,1307.9000244140625,293487
2026-06-15 12:35:00+05:30,1305.699951171875,1307.800048828125,1305.5999755859375,1307.0999755859375,266489
2026-06-15 12:40:00+05:30,1304.699951171875,1305.699951171875,1304.0,1305.699951171875,276820
2026-06-15 12:45:00+05:30,1305.0,1305.5,1304.800048828125,1304.9000244140625,146169
2026-06-15 12:50:00+05:30,1305.0,1305.5,1304.699951171875,1305.0,85281
2026-06-15 12:55:00+05:30,1305.5,1305.800048828125,1304.800048828125,1305.0,268836
2026-06-15 13:00:00+05:30,1305.5999755859375,1305.5999755859375,1304.800048828125,1305.5,78296
2026-06-15 13:05:00+05:30,1307.0,1307.0,1305.300048828125,1305.5999755859375,177144
2026-06-15 13:10:00+05:30,1306.800048828125,1309.0,1306.199951171875,1307.0999755859375,323973
2026-06-15 13:15:00+05:30,1305.699951171875,1306.800048828125,1305.300048828125,1306.800048828125,242259
2026-06-15 13:20:00+05:30,1306.199951171875,1306.800048828125,1304.800048828125,1305.699951171875,146766
2026-06-15 13:25:00+05:30,1306.5,1306.5,1305.699951171875,1306.300048828125,88764
2026-06-15 13:30:00+05:30,1307.300048828125,1307.4000244140625,1305.9000244140625,1306.5,78347
2026-06-15 13:35:00+05:30,1307.0999755859375,1308.4000244140625,1306.5,1307.300048828125,124530
2026-06-15 13:40:00+05:30,1306.5,1307.5999755859375,1306.0,1307.0999755859375,77085
2026-06-15 13:45:00+05:30,1307.0999755859375,1308.5,1306.0999755859375,1306.5,190245
2026-06-15 13:50:00+05:30,1307.300048828125,1308.0,1305.5999755859375,1307.300048828125,98951
2026-06-15 13:55:00+05:30,1308.9000244140625,1309.0,1307.0,1307.300048828125,92791
2026-06-15 14:00:00+05:30,1307.9000244140625,1309.699951171875,1307.9000244140625,1309.0,139606
2026-06-15 14:05:00+05:30,1307.0999755859375,1308.5,1306.199951171875,1308.4000244140625,300758
2026-06-15 14:10:00+05:30,1307.4000244140625,1308.4000244140625,1307.0,1307.0,186011
2026-06-15 14:15:00+05:30,1308.5999755859375,1309.300048828125,1307.300048828125,1307.4000244140625,124386
2026-06-15 14:20:00+05:30,1309.0,1309.5,1308.0,1308.5999755859375,121789
2026-06-15 14:25:00+05:30,1305.800048828125,1309.199951171875,1305.199951171875,1308.9000244140625,182583
2026-06-15 14:30:00+05:30,1307.5999755859375,1308.0,1305.5999755859375,1306.199951171875,93477
2026-06-15 14:35:00+05:30,1308.300048828125,1309.0,1307.199951171875,1307.800048828125,374168
2026-06-15 14:40:00+05:30,1308.0,1309.0,1307.800048828125,1308.800048828125,85238
2026-06-15 14:45:00+05:30,1308.0,1308.5,1306.199951171875,1308.199951171875,199482
2026-06-15 14:50:00+05:30,1307.300048828125,1308.199951171875,1306.199951171875,1307.9000244140625,141633
2026-06-15 14:55:00+05:30,1308.0999755859375,1308.199951171875,1307.0,1307.300048828125,81624
2026-06-15 15:00:00+05:30,1307.5,1308.300048828125,1306.5,1308.0999755859375,281160
2026-06-15 15:05:00+05:30,1306.699951171875,1307.5999755859375,1306.5,1307.5,204115
2026-06-15 15:10:00+05:30,1306.300048828125,1306.699951171875,1303.4000244140625,1306.5,406246
2026-06-15 15:15:00+05:30,1308.5999755859375,1308.5999755859375,1306.0,1306.0999755859375,248203
2026-06-15 15:20:00+05:30,1307.800048828125,1309.0,1307.300048828125,1308.699951171875,298085
2026-06-15 15:25:00+05:30,1306.5,1308.0999755859375,1305.0,1307.9000244140625,242150
2026-06-16 09:15:00+05:30,1310.0,1313.0,1306.5999755859375,1313.0,0
2026-06-16 09:20:00+05:30,1309.699951171875,1311.5,1308.300048828125,1309.800048828125,208073
2026-06-16 09:25:00+05:30,1311.800048828125,1312.300048828125,1309.199951171875,1309.699951171875,129075
2026-06-16 09:30:00+05:30,1313.199951171875,1313.4000244140625,1311.199951171875,1311.800048828125,118963
2026-06-16 09:35:00+05:30,1314.699951171875,1315.300048828125,1313.0,1313.199951171875,274609
2026-06-16 09:40:00+05:30,1313.800048828125,1315.0999755859375,1313.0999755859375,1314.9000244140625,286952
2026-06-16 09:45:00+05:30,1313.699951171875,1315.300048828125,1313.5999755859375,1313.9000244140625,145109
2026-06-16 09:50:00+05:30,1314.9000244140625,1315.300048828125,1313.0,1313.800048828125,200034
2026-06-16 09:55:00+05:30,1317.300048828125,1318.0,1314.699951171875,1315.199951171875,144681
2026-06-16 10:00:00+05:30,1315.9000244140625,1318.0,1315.9000244140625,1317.5999755859375,110549
2026-06-16 10:05:00+05:30,1315.5999755859375,1316.699951171875,1315.4000244140625,1315.800048828125,104639
2026-06-16 10:10:00+05:30,1318.0,1318.0,1315.0999755859375,1315.5999755859375,112239
2026-06-16 10:15:00+05:30,1319.0,1320.699951171875,1317.4000244140625,1318.0,272166
2026-06-16 10:20:00+05:30,1321.4000244140625,1321.800048828125,1318.699951171875,1318.9000244140625,218541
2026-06-16 10:25:00+05:30,1320.800048828125,1323.0,1320.0,1321.4000244140625,212642
2026-06-16 10:30:00+05:30,1320.4000244140625,1321.0,1320.0,1320.800048828125,98973
2026-06-16 10:35:00+05:30,1321.699951171875,1321.699951171875,1320.0999755859375,1320.0999755859375,96834
2026-06-16 10:40:00+05:30,1322.0,1322.5999755859375,1321.300048828125,1321.5999755859375,151005
2026-06-16 10:45:00+05:30,1326.300048828125,1326.699951171875,1322.0,1322.0,441976
2026-06-16 10:50:00+05:30,1326.300048828125,1328.199951171875,1325.199951171875,1326.300048828125,297538
2026-06-16 10:55:00+05:30,1328.0,1329.9000244140625,1325.9000244140625,1326.199951171875,307590
2026-06-16 11:00:00+05:30,1327.800048828125,1328.9000244140625,1326.699951171875,1327.5,191614
2026-06-16 11:05:00+05:30,1330.199951171875,1332.0,1327.5,1328.0,344100
2026-06-16 11:10:00+05:30,1328.699951171875,1330.199951171875,1327.5,1330.199951171875,133933
2026-06-16 11:15:00+05:30,1327.199951171875,1329.699951171875,1327.199951171875,1328.5,156771
2026-06-16 11:20:00+05:30,1326.5999755859375,1327.5999755859375,1324.5999755859375,1327.5,271146
2026-06-16 11:25:00+05:30,1325.9000244140625,1327.0,1325.4000244140625,1326.9000244140625,109074
2026-06-16 11:30:00+05:30,1327.0,1327.800048828125,1325.4000244140625,1325.9000244140625,139654
2026-06-16 11:35:00+05:30,1326.0,1327.4000244140625,1325.199951171875,1327.0,239093
2026-06-16 11:40:00+05:30,1327.800048828125,1328.0999755859375,1325.199951171875,1325.9000244140625,239217
2026-06-16 11:45:00+05:30,1328.0999755859375,1329.699951171875,1327.4000244140625,1327.699951171875,358981
2026-06-16 11:50:00+05:30,1329.5,1330.0,1327.5999755859375,1328.5,311719
2026-06-16 11:55:00+05:30,1331.5999755859375,1331.5999755859375,1327.199951171875,1329.5,226241
2026-06-16 12:00:00+05:30,1331.300048828125,1333.4000244140625,1330.800048828125,1331.5,302288
2026-06-16 12:05:00+05:30,1331.300048828125,1332.0,1330.0999755859375,1331.300048828125,158213
2026-06-16 12:10:00+05:30,1331.199951171875,1332.300048828125,1331.0,1331.5999755859375,113505
2026-06-16 12:15:00+05:30,1329.0,1331.0999755859375,1329.0,1331.0,243464
2026-06-16 12:20:00+05:30,1328.199951171875,1329.5999755859375,1327.699951171875,1329.0999755859375,213303
2026-06-16 12:25:00+05:30,1330.800048828125,1331.4000244140625,1328.0,1328.199951171875,289145
2026-06-16 12:30:00+05:30,1327.800048828125,1331.199951171875,1327.0999755859375,1330.800048828125,547985
2026-06-16 12:35:00+05:30,1330.0,1330.4000244140625,1326.0999755859375,1327.699951171875,562759
2026-06-16 12:40:00+05:30,1331.0,1331.0,1329.0999755859375,1329.699951171875,204264
2026-06-16 12:45:00+05:30,1331.4000244140625,1331.4000244140625,1330.4000244140625,1330.800048828125,112951
2026-06-16 12:50:00+05:30,1330.699951171875,1332.0,1329.9000244140625,1331.4000244140625,131284
2026-06-16 12:55:00+05:30,1331.9000244140625,1332.0,1329.9000244140625,1331.0,153754
2026-06-16 13:00:00+05:30,1331.0,1332.699951171875,1330.9000244140625,1332.0,125052
2026-06-16 13:05:00+05:30,1332.0,1332.0,1330.5999755859375,1330.9000244140625,140308
2026-06-16 13:10:00+05:30,1331.9000244140625,1332.800048828125,1331.300048828125,1332.0,158100
2026-06-16 13:15:00+05:30,1330.300048828125,1332.5,1330.0,1332.199951171875,297865
2026-06-16 13:20:00+05:30,1331.800048828125,1332.5,1329.9000244140625,1330.4000244140625,249083
2026-06-16 13:25:00+05:30,1332.699951171875,1332.699951171875,1331.0,1331.9000244140625,79713
2026-06-16 13:30:00+05:30,1332.4000244140625,1332.9000244140625,1332.0,1332.9000244140625,126095
2026-06-16 13:35:00+05:30,1331.5999755859375,1332.5999755859375,1331.4000244140625,1332.300048828125,112697
2026-06-16 13:40:00+05:30,1331.699951171875,1332.800048828125,1331.300048828125,1331.4000244140625,146209
2026-06-16 13:45:00+05:30,1332.0,1332.5,1331.699951171875,1331.699951171875,87600
2026-06-16 13:50:00+05:30,1330.5,1332.5,1330.199951171875,1332.0999755859375,125926
2026-06-16 13:55:00+05:30,1330.4000244140625,1331.5,1330.4000244140625,1330.4000244140625,79228
2026-06-16 14:00:00+05:30,1330.9000244140625,1331.5999755859375,1330.0,1330.4000244140625,119640
2026-06-16 14:05:00+05:30,1331.4000244140625,1332.0,1330.5,1331.0,101323
2026-06-16 14:10:00+05:30,1331.9000244140625,1332.0,1330.800048828125,1331.9000244140625,110714
2026-06-16 14:15:00+05:30,1331.9000244140625,1332.199951171875,1330.5999755859375,1331.4000244140625,174562
2026-06-16 14:20:00+05:30,1332.0999755859375,1332.5,1331.0,1332.0,203089
2026-06-16 14:25:00+05:30,1331.9000244140625,1332.5,1331.199951171875,1332.199951171875,206888
2026-06-16 14:30:00+05:30,1332.5,1332.9000244140625,1331.9000244140625,1332.4000244140625,199129
2026-06-16 14:35:00+05:30,1331.699951171875,1332.800048828125,1331.0,1332.5,215026
2026-06-16 14:40:00+05:30,1329.800048828125,1332.199951171875,1329.800048828125,1331.9000244140625,300726
2026-06-16 14:45:00+05:30,1330.0,1331.699951171875,1329.199951171875,1329.5999755859375,559263
2026-06-16 14:50:00+05:30,1331.5,1332.0,1328.199951171875,1330.0,417345
2026-06-16 14:55:00+05:30,1331.0,1332.0999755859375,1330.4000244140625,1331.4000244140625,198793
2026-06-16 15:00:00+05:30,1329.800048828125,1332.5,1328.5999755859375,1331.0999755859375,1062101
2026-06-16 15:05:00+05:30,1327.199951171875,1331.5,1326.699951171875,1329.699951171875,1043375
2026-06-16 15:10:00+05:30,1326.4000244140625,1327.300048828125,1325.5,1327.199951171875,435927
2026-06-16 15:15:00+05:30,1327.0999755859375,1327.4000244140625,1326.199951171875,1326.300048828125,408352
2026-06-16 15:20:00+05:30,1327.199951171875,1327.5,1326.5,1327.0,381975
2026-06-16 15:25:00+05:30,1328.0,1328.800048828125,1326.699951171875,1327.0999755859375,326995
2026-06-17 09:15:00+05:30,1319.5,1333.0,1318.699951171875,1333.0,0
2026-06-17 09:20:00+05:30,1326.300048828125,1326.4000244140625,1317.5,1319.5,398249
2026-06-17 09:25:00+05:30,1330.0,1330.4000244140625,1325.699951171875,1325.800048828125,367256
2026-06-17 09:30:00+05:30,1326.800048828125,1330.4000244140625,1326.300048828125,1330.199951171875,303649
2026-06-17 09:35:00+05:30,1329.300048828125,1329.5999755859375,1326.5999755859375,1326.800048828125,103157
2026-06-17 09:40:00+05:30,1329.5999755859375,1329.800048828125,1328.800048828125,1329.300048828125,111357
2026-06-17 09:45:00+05:30,1330.300048828125,1330.9000244140625,1329.5999755859375,1329.5999755859375,173571
2026-06-17 09:50:00+05:30,1331.0,1332.0,1329.9000244140625,1330.300048828125,128798
2026-06-17 09:55:00+05:30,1331.4000244140625,1332.0,1330.0999755859375,1331.0999755859375,97408
2026-06-17 10:00:00+05:30,1330.0999755859375,1331.9000244140625,1330.0,1331.9000244140625,68275
2026-06-17 10:05:00+05:30,1331.199951171875,1332.0,1329.699951171875,1330.0,92231
2026-06-17 10:10:00+05:30,1330.5,1331.699951171875,1330.0999755859375,1331.300048828125,69935
2026-06-17 10:15:00+05:30,1330.5,1331.300048828125,1329.9000244140625,1330.5,63977
2026-06-17 10:20:00+05:30,1330.800048828125,1331.0,1330.0999755859375,1330.800048828125,40961
2026-06-17 10:25:00+05:30,1330.5999755859375,1331.199951171875,1330.199951171875,1330.699951171875,39061
2026-06-17 10:30:00+05:30,1329.800048828125,1330.800048828125,1329.300048828125,1330.5999755859375,106539
2026-06-17 10:35:00+05:30,1330.0,1330.4000244140625,1328.9000244140625,1329.9000244140625,92986
2026-06-17 10:40:00+05:30,1327.800048828125,1330.4000244140625,1327.0,1330.4000244140625,132241
2026-06-17 10:45:00+05:30,1328.5,1328.699951171875,1327.300048828125,1327.9000244140625,69677
2026-06-17 10:50:00+05:30,1328.0,1328.5999755859375,1327.5999755859375,1328.5999755859375,73755
2026-06-17 10:55:00+05:30,1329.300048828125,1330.0,1327.9000244140625,1328.0,127038
2026-06-17 11:00:00+05:30,1329.0,1329.4000244140625,1328.4000244140625,1329.4000244140625,57219
2026-06-17 11:05:00+05:30,1328.800048828125,1329.0,1328.5999755859375,1329.0,54121
2026-06-17 11:10:00+05:30,1328.5,1328.9000244140625,1328.0,1328.9000244140625,73238
2026-06-17 11:15:00+05:30,1329.800048828125,1329.800048828125,1327.4000244140625,1328.5,128675
2026-06-17 11:20:00+05:30,1330.0999755859375,1330.9000244140625,1329.699951171875,1329.800048828125,77129
2026-06-17 11:25:00+05:30,1330.0,1330.5,1329.5,1330.300048828125,116280
2026-06-17 11:30:00+05:30,1330.699951171875,1331.800048828125,1330.199951171875,1330.199951171875,100834
2026-06-17 11:35:00+05:30,1329.4000244140625,1330.9000244140625,1329.199951171875,1330.9000244140625,122339
2026-06-17 11:40:00+05:30,1330.199951171875,1330.5,1329.199951171875,1329.699951171875,118543
2026-06-17 11:45:00+05:30,1330.0999755859375,1330.5,1329.5,1330.5,50726
2026-06-17 11:50:00+05:30,1329.9000244140625,1330.199951171875,1329.5,1330.0999755859375,40786
2026-06-17 11:55:00+05:30,1328.5999755859375,1330.5,1328.5,1330.0,131496
2026-06-17 12:00:00+05:30,1329.699951171875,1330.0,1328.0999755859375,1328.699951171875,176192
2026-06-17 12:05:00+05:30,1329.5,1329.9000244140625,1328.5,1329.5999755859375,149165
2026-06-17 12:10:00+05:30,1329.800048828125,1330.0,1329.199951171875,1329.5,35762
2026-06-17 12:15:00+05:30,1329.0,1330.0,1328.800048828125,1329.800048828125,70733
2026-06-17 12:20:00+05:30,1327.4000244140625,1329.0,1327.199951171875,1329.0,74629
2026-06-17 12:25:00+05:30,1328.5999755859375,1329.300048828125,1326.0999755859375,1327.5,172407
2026-06-17 12:30:00+05:30,1328.0,1328.5999755859375,1327.4000244140625,1328.5999755859375,38263
2026-06-17 12:35:00+05:30,1328.5,1329.0,1327.199951171875,1328.0,50475
2026-06-17 12:40:00+05:30,1329.0999755859375,1329.9000244140625,1328.0999755859375,1329.0,152666
2026-06-17 12:45:00+05:30,1330.0,1331.0,1329.0999755859375,1329.199951171875,159420
2026-06-17 12:50:00+05:30,1326.800048828125,1330.0,1326.800048828125,1330.0,81271
2026-06-17 12:55:00+05:30,1327.0999755859375,1327.5999755859375,1326.5,1326.699951171875,73796
2026-06-17 13:00:00+05:30,1327.800048828125,1328.0999755859375,1326.0,1327.0,84531
2026-06-17 13:05:00+05:30,1327.4000244140625,1328.9000244140625,1326.9000244140625,1327.800048828125,87329
2026-06-17 13:10:00+05:30,1327.0,1328.5999755859375,1327.0,1327.4000244140625,84549
2026-06-17 13:15:00+05:30,1328.800048828125,1329.5999755859375,1326.699951171875,1327.0,72414
2026-06-17 13:20:00+05:30,1328.5999755859375,1328.9000244140625,1328.5,1328.800048828125,29257
2026-06-17 13:25:00+05:30,1328.5999755859375,1328.9000244140625,1328.300048828125,1328.5999755859375,42867
2026-06-17 13:30:00+05:30,1329.699951171875,1329.699951171875,1328.199951171875,1328.5999755859375,46952
2026-06-17 13:35:00+05:30,1329.9000244140625,1330.5999755859375,1329.4000244140625,1329.699951171875,145688
2026-06-17 13:40:00+05:30,1329.699951171875,1330.0999755859375,1329.0,1329.800048828125,74035
2026-06-17 13:45:00+05:30,1330.4000244140625,1330.4000244140625,1329.5999755859375,1329.699951171875,67448
2026-06-17 13:50:00+05:30,1329.5,1330.199951171875,1329.0,1330.199951171875,105957
2026-06-17 13:55:00+05:30,1329.800048828125,1330.0,1329.300048828125,1329.4000244140625,33396
2026-06-17 14:00:00+05:30,1329.800048828125,1330.800048828125,1329.0999755859375,1329.800048828125,166014
2026-06-17 14:05:00+05:30,1328.9000244140625,1330.0,1328.800048828125,1329.800048828125,95771
2026-06-17 14:10:00+05:30,1328.4000244140625,1329.0,1327.4000244140625,1328.800048828125,71946
2026-06-17 14:15:00+05:30,1329.300048828125,1329.699951171875,1327.0999755859375,1328.800048828125,154316
2026-06-17 14:20:00+05:30,1329.300048828125,1330.0,1329.0,1329.5,146287
2026-06-17 14:25:00+05:30,1328.0,1329.4000244140625,1327.5999755859375,1329.4000244140625,116422
2026-06-17 14:30:00+05:30,1329.0,1329.4000244140625,1327.699951171875,1328.4000244140625,80128
2026-06-17 14:35:00+05:30,1329.800048828125,1330.800048828125,1328.4000244140625,1329.0,198820
2026-06-17 14:40:00+05:30,1328.699951171875,1330.0,1327.5999755859375,1329.800048828125,242203
2026-06-17 14:45:00+05:30,1328.199951171875,1329.199951171875,1327.800048828125,1328.699951171875,122093
2026-06-17 14:50:00+05:30,1329.699951171875,1329.800048828125,1326.300048828125,1328.199951171875,351464
2026-06-17 14:55:00+05:30,1331.5999755859375,1331.800048828125,1328.0,1329.5,180661
2026-06-17 15:00:00+05:30,1332.699951171875,1333.4000244140625,1331.4000244140625,1331.5999755859375,308787
2026-06-17 15:05:00+05:30,1332.800048828125,1333.800048828125,1332.0,1332.699951171875,297301
2026-06-17 15:10:00+05:30,1332.5,1333.5999755859375,1332.0999755859375,1333.5,217258
2026-06-17 15:15:00+05:30,1332.699951171875,1332.699951171875,1332.0,1332.4000244140625,180932
2026-06-17 15:20:00+05:30,1333.0,1333.0999755859375,1332.5999755859375,1332.5999755859375,210474
2026-06-17 15:25:00+05:30,1332.0999755859375,1332.9000244140625,1331.9000244140625,1332.800048828125,245810
2026-06-18 09:15:00+05:30,1326.699951171875,1333.5,1326.0,1330.800048828125,0
2026-06-18 09:20:00+05:30,1327.800048828125,1328.800048828125,1326.0999755859375,1326.9000244140625,150371
2026-06-18 09:25:00+05:30,1327.0999755859375,1327.9000244140625,1326.5999755859375,1327.5999755859375,112739
2026-06-18 09:30:00+05:30,1326.4000244140625,1327.0999755859375,1326.4000244140625,1327.0999755859375,99058
2026-06-18 09:35:00+05:30,1326.0,1326.199951171875,1324.0,1326.199951171875,200274
2026-06-18 09:40:00+05:30,1327.5999755859375,1328.5,1326.0,1326.0,224759
2026-06-18 09:45:00+05:30,1328.0,1328.800048828125,1327.199951171875,1327.5,83328
2026-06-18 09:50:00+05:30,1329.5999755859375,1330.4000244140625,1327.5999755859375,1327.9000244140625,179110
2026-06-18 09:55:00+05:30,1330.0,1331.0,1329.0,1329.5,176763
2026-06-18 10:00:00+05:30,1329.199951171875,1330.800048828125,1329.0999755859375,1330.0999755859375,65228
2026-06-18 10:05:00+05:30,1329.4000244140625,1330.0,1329.0,1329.0999755859375,59825
2026-06-18 10:10:00+05:30,1329.699951171875,1330.199951171875,1329.199951171875,1329.5,63429
2026-06-18 10:15:00+05:30,1330.199951171875,1330.5999755859375,1329.5999755859375,1329.800048828125,101606
2026-06-18 10:20:00+05:30,1330.4000244140625,1330.5999755859375,1329.800048828125,1330.4000244140625,61056
2026-06-18 10:25:00+05:30,1329.800048828125,1330.4000244140625,1329.4000244140625,1330.300048828125,86562
2026-06-18 10:30:00+05:30,1329.699951171875,1329.800048828125,1329.0,1329.800048828125,69582
2026-06-18 10:35:00+05:30,1328.300048828125,1330.199951171875,1328.300048828125,1329.9000244140625,90221
2026-06-18 10:40:00+05:30,1328.0,1328.9000244140625,1327.0,1328.300048828125,360338
2026-06-18 10:45:00+05:30,1327.300048828125,1329.0,1327.0,1328.199951171875,362929
2026-06-18 10:50:00+05:30,1328.199951171875,1328.300048828125,1326.199951171875,1327.0,309496
2026-06-18 10:55:00+05:30,1328.0,1328.4000244140625,1327.5,1328.199951171875,63779
2026-06-18 11:00:00+05:30,1327.9000244140625,1328.0,1327.0,1328.0,51557
2026-06-18 11:05:00+05:30,1327.300048828125,1328.0,1326.699951171875,1328.0,56578
2026-06-18 11:10:00+05:30,1326.300048828125,1327.5,1326.0,1327.0999755859375,84144
2026-06-18 11:15:00+05:30,1324.9000244140625,1326.5,1324.0,1326.5,175639
2026-06-18 11:20:00+05:30,1324.800048828125,1325.300048828125,1324.0,1324.699951171875,136264
2026-06-18 11:25:00+05:30,1325.9000244140625,1326.0999755859375,1324.5999755859375,1325.0,81260
2026-06-18 11:30:00+05:30,1326.0,1326.5,1325.699951171875,1325.9000244140625,66353
2026-06-18 11:35:00+05:30,1326.5999755859375,1326.5999755859375,1326.0,1326.199951171875,61941
2026-06-18 11:40:00+05:30,1327.199951171875,1327.4000244140625,1326.4000244140625,1326.4000244140625,121856
2026-06-18 11:45:00+05:30,1327.300048828125,1328.4000244140625,1327.0,1327.199951171875,126334
2026-06-18 11:50:00+05:30,1325.5,1327.4000244140625,1324.5999755859375,1327.4000244140625,209332
2026-06-18 11:55:00+05:30,1324.800048828125,1325.9000244140625,1324.699951171875,1325.5,105597
2026-06-18 12:00:00+05:30,1326.300048828125,1326.4000244140625,1324.800048828125,1324.9000244140625,104688
2026-06-18 12:05:00+05:30,1325.800048828125,1327.0,1325.5,1326.199951171875,179316
2026-06-18 12:10:00+05:30,1325.199951171875,1325.800048828125,1324.300048828125,1325.800048828125,259629
2026-06-18 12:15:00+05:30,1324.800048828125,1325.4000244140625,1322.5999755859375,1325.199951171875,297268
2026-06-18 12:20:00+05:30,1326.199951171875,1326.699951171875,1324.199951171875,1325.0999755859375,156694
2026-06-18 12:25:00+05:30,1327.699951171875,1327.800048828125,1325.5,1326.199951171875,64299
2026-06-18 12:30:00+05:30,1329.4000244140625,1329.5,1327.0999755859375,1327.800048828125,180229
2026-06-18 12:35:00+05:30,1328.9000244140625,1329.5,1328.4000244140625,1329.5,73149
2026-06-18 12:40:00+05:30,1330.5,1330.5999755859375,1328.800048828125,1328.800048828125,115118
2026-06-18 12:45:00+05:30,1330.199951171875,1330.699951171875,1329.699951171875,1330.699951171875,126258
2026-06-18 12:50:00+05:30,1330.300048828125,1331.5,1330.0,1330.199951171875,164011
2026-06-18 12:55:00+05:30,1329.5,1330.5,1329.199951171875,1330.199951171875,43797
2026-06-18 13:00:00+05:30,1329.9000244140625,1330.199951171875,1329.199951171875,1330.0,58071
2026-06-18 13:05:00+05:30,1330.9000244140625,1331.199951171875,1329.800048828125,1329.9000244140625,94582
2026-06-18 13:10:00+05:30,1330.9000244140625,1331.0,1330.800048828125,1331.0,39499
2026-06-18 13:15:00+05:30,1331.5999755859375,1332.0999755859375,1330.5999755859375,1331.0,180375
2026-06-18 13:20:00+05:30,1331.4000244140625,1333.0,1331.4000244140625,1331.699951171875,501275
2026-06-18 13:25:00+05:30,1331.0999755859375,1331.5999755859375,1329.300048828125,1331.0,274890
2026-06-18 13:30:00+05:30,1329.199951171875,1331.0,1328.300048828125,1331.0,462758
2026-06-18 13:35:00+05:30,1328.699951171875,1329.699951171875,1328.0,1329.4000244140625,110070
2026-06-18 13:40:00+05:30,1330.0999755859375,1331.0999755859375,1327.5999755859375,1328.800048828125,363494
2026-06-18 13:45:00+05:30,1327.800048828125,1330.0999755859375,1327.300048828125,1330.0,172294
2026-06-18 13:50:00+05:30,1327.699951171875,1328.199951171875,1327.0,1327.800048828125,124749
2026-06-18 13:55:00+05:30,1328.0,1328.199951171875,1326.5999755859375,1327.9000244140625,151981
2026-06-18 14:00:00+05:30,1327.9000244140625,1328.5,1327.0,1328.0,84687
2026-06-18 14:05:00+05:30,1327.5,1329.199951171875,1327.0999755859375,1327.5999755859375,178666
2026-06-18 14:10:00+05:30,1326.5,1329.300048828125,1326.0,1327.5999755859375,260426
2026-06-18 14:15:00+05:30,1324.800048828125,1326.800048828125,1324.5,1326.5,162333
2026-06-18 14:20:00+05:30,1326.199951171875,1326.199951171875,1323.5,1324.699951171875,139571
2026-06-18 14:25:00+05:30,1323.4000244140625,1326.300048828125,1322.699951171875,1326.0999755859375,293698
2026-06-18 14:30:00+05:30,1323.4000244140625,1323.800048828125,1322.0,1323.4000244140625,148591
2026-06-18 14:35:00+05:30,1322.800048828125,1324.5999755859375,1322.800048828125,1323.5,201497
2026-06-18 14:40:00+05:30,1323.199951171875,1323.699951171875,1322.5,1323.0,90047
2026-06-18 14:45:00+05:30,1322.0,1323.300048828125,1322.0,1323.0,164759
2026-06-18 14:50:00+05:30,1322.699951171875,1324.0,1322.0,1322.0,173525
2026-06-18 14:55:00+05:30,1324.5999755859375,1325.0,1322.5999755859375,1322.699951171875,113348
2026-06-18 15:00:00+05:30,1325.9000244140625,1327.0,1323.0,1324.199951171875,1172970
2026-06-18 15:05:00+05:30,1327.699951171875,1327.9000244140625,1324.9000244140625,1325.699951171875,732028
2026-06-18 15:10:00+05:30,1329.800048828125,1330.300048828125,1326.800048828125,1327.699951171875,888386
2026-06-18 15:15:00+05:30,1329.9000244140625,1330.4000244140625,1329.4000244140625,1329.800048828125,581292
2026-06-18 15:20:00+05:30,1331.5,1331.800048828125,1329.5,1330.0,542916
2026-06-18 15:25:00+05:30,1331.0,1332.5,1330.699951171875,1331.5,522041
2026-06-19 09:15:00+05:30,1332.0,1335.800048828125,1325.0,1328.9000244140625,0
2026-06-19 09:20:00+05:30,1330.800048828125,1333.4000244140625,1330.0,1331.800048828125,207521
2026-06-19 09:25:00+05:30,1332.9000244140625,1333.4000244140625,1329.800048828125,1331.300048828125,160868
2026-06-19 09:30:00+05:30,1332.0999755859375,1332.5999755859375,1330.0999755859375,1332.5,119025
2026-06-19 09:35:00+05:30,1332.5,1332.9000244140625,1331.5,1332.9000244140625,103971
2026-06-19 09:40:00+05:30,1334.0,1334.800048828125,1332.0,1332.5999755859375,162476
2026-06-19 09:45:00+05:30,1334.9000244140625,1335.0,1333.0,1334.300048828125,113173
2026-06-19 09:50:00+05:30,1334.5,1335.0,1332.300048828125,1335.0,122206
2026-06-19 09:55:00+05:30,1333.0,1334.800048828125,1332.699951171875,1334.5,78367
2026-06-19 10:00:00+05:30,1334.0,1334.0,1332.5999755859375,1333.0,48528
2026-06-19 10:05:00+05:30,1336.4000244140625,1337.4000244140625,1334.0,1334.0,262519
2026-06-19 10:10:00+05:30,1338.0999755859375,1338.199951171875,1335.5999755859375,1336.0999755859375,253972
2026-06-19 10:15:00+05:30,1335.5999755859375,1338.0,1335.199951171875,1337.5999755859375,150241
2026-06-19 10:20:00+05:30,1332.199951171875,1335.9000244140625,1332.0,1335.5999755859375,155205
2026-06-19 10:25:00+05:30,1329.5999755859375,1332.0999755859375,1329.0999755859375,1331.9000244140625,221593
2026-06-19 10:30:00+05:30,1328.9000244140625,1330.800048828125,1328.0,1329.5,155544
2026-06-19 10:35:00+05:30,1329.5,1329.9000244140625,1328.5,1328.800048828125,66982
2026-06-19 10:40:00+05:30,1329.699951171875,1330.199951171875,1327.0,1329.5,145880
2026-06-19 10:45:00+05:30,1330.4000244140625,1331.0,1329.199951171875,1330.0,87538
2026-06-19 10:50:00+05:30,1330.4000244140625,1331.5,1329.9000244140625,1330.699951171875,99506
2026-06-19 10:55:00+05:30,1327.5999755859375,1330.699951171875,1327.0,1330.699951171875,152743
2026-06-19 11:00:00+05:30,1325.199951171875,1327.699951171875,1325.0,1327.5999755859375,174065
2026-06-19 11:05:00+05:30,1325.5999755859375,1325.800048828125,1322.0999755859375,1325.199951171875,266933
2026-06-19 11:10:00+05:30,1325.699951171875,1325.9000244140625,1324.300048828125,1325.5999755859375,101582
2026-06-19 11:15:00+05:30,1325.300048828125,1325.800048828125,1324.5,1325.800048828125,67475
2026-06-19 11:20:00+05:30,1324.300048828125,1325.300048828125,1324.0,1325.300048828125,84029
2026-06-19 11:25:00+05:30,1325.0999755859375,1325.0999755859375,1324.0999755859375,1324.300048828125,47526
2026-06-19 11:30:00+05:30,1325.199951171875,1325.800048828125,1325.0,1325.4000244140625,85175
2026-06-19 11:35:00+05:30,1326.0999755859375,1326.5,1325.0999755859375,1325.0999755859375,62224
2026-06-19 11:40:00+05:30,1326.4000244140625,1326.4000244140625,1326.0,1326.0999755859375,54265
2026-06-19 11:45:00+05:30,1326.300048828125,1326.5,1325.5,1326.5,98686
2026-06-19 11:50:00+05:30,1327.4000244140625,1327.5,1326.300048828125,1326.4000244140625,55461
2026-06-19 11:55:00+05:30,1327.5,1328.4000244140625,1327.0,1327.4000244140625,57121
2026-06-19 12:00:00+05:30,1326.800048828125,1327.9000244140625,1326.800048828125,1327.5,50378
2026-06-19 12:05:00+05:30,1325.4000244140625,1326.5999755859375,1325.0999755859375,1326.5999755859375,43983
2026-06-19 12:10:00+05:30,1326.4000244140625,1326.4000244140625,1325.199951171875,1325.199951171875,35103
2026-06-19 12:15:00+05:30,1327.0,1327.5,1326.0999755859375,1326.199951171875,42338
2026-06-19 12:20:00+05:30,1327.5999755859375,1327.800048828125,1326.5999755859375,1326.9000244140625,36733
2026-06-19 12:25:00+05:30,1327.699951171875,1328.0,1327.4000244140625,1327.5999755859375,30635
2026-06-19 12:30:00+05:30,1328.0,1328.0999755859375,1327.5,1327.699951171875,34040
2026-06-19 12:35:00+05:30,1328.5,1328.5,1327.9000244140625,1328.0,37149
2026-06-19 12:40:00+05:30,1327.199951171875,1329.300048828125,1326.5,1328.4000244140625,123917
2026-06-19 12:45:00+05:30,1328.800048828125,1329.0,1327.300048828125,1327.4000244140625,49323
2026-06-19 12:50:00+05:30,1327.800048828125,1330.5,1327.5,1329.0,168471
2026-06-19 12:55:00+05:30,1326.5,1327.800048828125,1326.0,1327.800048828125,48612
2026-06-19 13:00:00+05:30,1325.199951171875,1326.699951171875,1325.0,1326.5,85611
2026-06-19 13:05:00+05:30,1324.5999755859375,1326.0,1324.5,1325.199951171875,153717
2026-06-19 13:10:00+05:30,1325.199951171875,1325.5999755859375,1323.9000244140625,1324.9000244140625,81864
2026-06-19 13:15:00+05:30,1325.300048828125,1325.5999755859375,1324.5999755859375,1325.5,43018
2026-06-19 13:20:00+05:30,1325.199951171875,1325.9000244140625,1325.0,1325.199951171875,77004
2026-06-19 13:25:00+05:30,1325.5999755859375,1325.5999755859375,1324.5,1325.199951171875,48967
2026-06-19 13:30:00+05:30,1327.300048828125,1327.300048828125,1325.5,1325.699951171875,48735
2026-06-19 13:35:00+05:30,1328.300048828125,1328.300048828125,1326.5,1327.4000244140625,75963
2026-06-19 13:40:00+05:30,1329.5,1330.0,1328.0999755859375,1328.300048828125,152375
2026-06-19 13:45:00+05:30,1328.9000244140625,1329.5999755859375,1328.0,1329.5,137492
2026-06-19 13:50:00+05:30,1327.4000244140625,1328.9000244140625,1327.0999755859375,1328.9000244140625,88779
2026-06-19 13:55:00+05:30,1329.5999755859375,1329.5999755859375,1327.199951171875,1327.699951171875,163203
2026-06-19 14:00:00+05:30,1329.199951171875,1330.300048828125,1327.0,1329.5999755859375,212948
2026-06-19 14:05:00+05:30,1329.199951171875,1330.9000244140625,1328.4000244140625,1329.5999755859375,241578
2026-06-19 14:10:00+05:30,1332.199951171875,1332.9000244140625,1325.5,1329.300048828125,668963
2026-06-19 14:15:00+05:30,1334.0,1335.699951171875,1330.199951171875,1332.4000244140625,1056842
2026-06-19 14:20:00+05:30,1315.9000244140625,1333.9000244140625,1308.5,1333.699951171875,1678257
2026-06-19 14:25:00+05:30,1307.800048828125,1317.300048828125,1307.800048828125,1315.800048828125,744382
2026-06-19 14:30:00+05:30,1313.699951171875,1313.9000244140625,1306.199951171875,1307.4000244140625,537429
2026-06-19 14:35:00+05:30,1316.800048828125,1322.0,1313.699951171875,1313.699951171875,541921
2026-06-19 14:40:00+05:30,1316.699951171875,1317.9000244140625,1313.4000244140625,1317.0999755859375,257934
2026-06-19 14:45:00+05:30,1318.199951171875,1319.0,1315.199951171875,1316.5999755859375,148959
2026-06-19 14:50:00+05:30,1311.5,1318.4000244140625,1311.4000244140625,1318.4000244140625,319591
2026-06-19 14:55:00+05:30,1309.5,1311.800048828125,1308.0,1311.800048828125,399536
2026-06-19 15:00:00+05:30,1310.9000244140625,1311.9000244140625,1305.5999755859375,1310.199951171875,2281356
2026-06-19 15:05:00+05:30,1309.5,1312.800048828125,1309.0,1311.300048828125,1892727
2026-06-19 15:10:00+05:30,1309.9000244140625,1311.0999755859375,1309.0999755859375,1309.4000244140625,1970128
2026-06-19 15:15:00+05:30,1309.800048828125,1310.5999755859375,1308.199951171875,1309.9000244140625,1920365
2026-06-19 15:20:00+05:30,1308.699951171875,1310.800048828125,1308.300048828125,1309.9000244140625,1673693
2026-06-19 15:25:00+05:30,1311.5999755859375,1311.9000244140625,1308.0,1308.4000244140625,1697069
2026-06-22 09:15:00+05:30,1324.5,1326.5,1315.0,1316.199951171875,0
2026-06-22 09:20:00+05:30,1342.0,1342.5999755859375,1324.0,1325.199951171875,979384
2026-06-22 09:25:00+05:30,1340.5,1344.800048828125,1338.300048828125,1341.800048828125,905778
2026-06-22 09:30:00+05:30,1341.0,1342.800048828125,1339.0,1340.9000244140625,377735
2026-06-22 09:35:00+05:30,1339.699951171875,1341.5,1336.0,1340.5,466112
2026-06-22 09:40:00+05:30,1337.300048828125,1340.0,1337.300048828125,1339.9000244140625,202166
2026-06-22 09:45:00+05:30,1337.699951171875,1338.0999755859375,1334.4000244140625,1337.9000244140625,384449
2026-06-22 09:50:00+05:30,1337.5999755859375,1339.4000244140625,1337.5999755859375,1338.0,176838
2026-06-22 09:55:00+05:30,1339.5,1340.0,1337.0999755859375,1337.9000244140625,229291
2026-06-22 10:00:00+05:30,1339.0,1341.9000244140625,1338.800048828125,1339.5,331321
2026-06-22 10:05:00+05:30,1342.699951171875,1343.0,1338.0,1338.800048828125,323595
2026-06-22 10:10:00+05:30,1341.699951171875,1343.0,1340.5,1342.699951171875,246088
2026-06-22 10:15:00+05:30,1340.800048828125,1342.300048828125,1340.199951171875,1341.699951171875,140213
2026-06-22 10:20:00+05:30,1340.0,1341.300048828125,1339.5999755859375,1340.800048828125,99336
2026-06-22 10:25:00+05:30,1338.0999755859375,1340.5,1337.5,1340.0,129672
2026-06-22 10:30:00+05:30,1336.0999755859375,1338.5,1336.0999755859375,1338.0,93250
2026-06-22 10:35:00+05:30,1336.800048828125,1338.5,1336.0,1336.0999755859375,135228
2026-06-22 10:40:00+05:30,1336.300048828125,1337.0999755859375,1335.0999755859375,1337.0999755859375,116630
2026-06-22 10:45:00+05:30,1338.0,1338.0,1335.699951171875,1335.800048828125,58697
2026-06-22 10:50:00+05:30,1338.4000244140625,1339.0,1337.5,1337.5,83526
2026-06-22 10:55:00+05:30,1341.0,1341.699951171875,1338.300048828125,1338.4000244140625,211670
2026-06-22 11:00:00+05:30,1340.0,1341.300048828125,1338.4000244140625,1341.0,114381
2026-06-22 11:05:00+05:30,1339.5,1340.5,1339.4000244140625,1340.0,80047
2026-06-22 11:10:00+05:30,1338.9000244140625,1339.800048828125,1338.0999755859375,1339.5999755859375,65507
2026-06-22 11:15:00+05:30,1338.0,1338.9000244140625,1337.5,1338.9000244140625,64553
2026-06-22 11:20:00+05:30,1337.0999755859375,1338.0999755859375,1336.0,1338.0,116466
2026-06-22 11:25:00+05:30,1337.5,1338.300048828125,1336.800048828125,1337.199951171875,115024
2026-06-22 11:30:00+05:30,1337.699951171875,1338.5999755859375,1337.0,1337.0,62977
2026-06-22 11:35:00+05:30,1337.9000244140625,1338.5,1337.699951171875,1338.0,49206
2026-06-22 11:40:00+05:30,1337.4000244140625,1338.0999755859375,1336.9000244140625,1338.0,75330
2026-06-22 11:45:00+05:30,1336.0,1337.5,1336.0,1337.5,76594
2026-06-22 11:50:00+05:30,1334.5999755859375,1336.0,1333.300048828125,1336.0,215045
2026-06-22 11:55:00+05:30,1336.0,1336.0,1334.199951171875,1334.300048828125,172066
2026-06-22 12:00:00+05:30,1333.699951171875,1336.0,1333.5,1336.0,106432
2026-06-22 12:05:00+05:30,1332.5999755859375,1334.199951171875,1332.5999755859375,1334.199951171875,121088
2026-06-22 12:10:00+05:30,1331.9000244140625,1333.0,1331.9000244140625,1332.800048828125,110258
2026-06-22 12:15:00+05:30,1330.9000244140625,1332.4000244140625,1329.800048828125,1331.9000244140625,248435
2026-06-22 12:20:00+05:30,1331.5,1332.0,1330.0999755859375,1330.9000244140625,74332
2026-06-22 12:25:00+05:30,1330.199951171875,1331.9000244140625,1329.4000244140625,1331.9000244140625,107232
2026-06-22 12:30:00+05:30,1331.0,1331.4000244140625,1330.0,1330.199951171875,51526
2026-06-22 12:35:00+05:30,1328.9000244140625,1331.0,1328.699951171875,1330.9000244140625,82254
2026-06-22 12:40:00+05:30,1328.699951171875,1329.300048828125,1327.4000244140625,1329.300048828125,113541
2026-06-22 12:45:00+05:30,1328.199951171875,1328.800048828125,1327.5,1328.699951171875,123316
2026-06-22 12:50:00+05:30,1329.0,1330.0,1328.0999755859375,1328.199951171875,123087
2026-06-22 12:55:00+05:30,1329.5999755859375,1329.9000244140625,1328.4000244140625,1328.699951171875,84679
2026-06-22 13:00:00+05:30,1329.0999755859375,1329.9000244140625,1328.800048828125,1329.4000244140625,93294
2026-06-22 13:05:00+05:30,1329.0,1329.0999755859375,1328.4000244140625,1329.0999755859375,33107
2026-06-22 13:10:00+05:30,1329.5,1329.5,1327.5,1328.9000244140625,83979
2026-06-22 13:15:00+05:30,1331.4000244140625,1332.5,1329.4000244140625,1329.5,131869
2026-06-22 13:20:00+05:30,1331.9000244140625,1331.9000244140625,1330.5,1331.4000244140625,94451
2026-06-22 13:25:00+05:30,1333.4000244140625,1333.4000244140625,1331.5,1331.9000244140625,81974
2026-06-22 13:30:00+05:30,1331.800048828125,1333.300048828125,1331.5,1333.0,77870
2026-06-22 13:35:00+05:30,1331.9000244140625,1332.0,1331.5,1331.800048828125,30482
2026-06-22 13:40:00+05:30,1332.300048828125,1332.9000244140625,1330.5,1332.0,154310
2026-06-22 13:45:00+05:30,1332.199951171875,1332.300048828125,1331.9000244140625,1332.300048828125,29639
2026-06-22 13:50:00+05:30,1332.0,1332.5,1331.699951171875,1332.199951171875,59149
2026-06-22 13:55:00+05:30,1331.699951171875,1332.5999755859375,1331.5,1332.0,52055
2026-06-22 14:00:00+05:30,1331.800048828125,1332.4000244140625,1331.0999755859375,1331.800048828125,56290
2026-06-22 14:05:00+05:30,1331.0999755859375,1332.4000244140625,1331.0999755859375,1331.699951171875,44710
2026-06-22 14:10:00+05:30,1330.0999755859375,1332.0,1330.0,1331.300048828125,80559
2026-06-22 14:15:00+05:30,1330.9000244140625,1331.5999755859375,1329.800048828125,1330.0999755859375,67259
2026-06-22 14:20:00+05:30,1330.800048828125,1331.4000244140625,1330.699951171875,1330.9000244140625,31581
2026-06-22 14:25:00+05:30,1332.0,1332.300048828125,1330.699951171875,1330.9000244140625,95995
2026-06-22 14:30:00+05:30,1332.5999755859375,1332.9000244140625,1331.800048828125,1332.0,68239
2026-06-22 14:35:00+05:30,1330.800048828125,1333.0,1330.800048828125,1332.5999755859375,98438
2026-06-22 14:40:00+05:30,1330.699951171875,1331.0,1329.800048828125,1330.800048828125,94858
2026-06-22 14:45:00+05:30,1330.800048828125,1331.300048828125,1330.0999755859375,1330.699951171875,63407
2026-06-22 14:50:00+05:30,1329.5999755859375,1331.0,1328.9000244140625,1330.699951171875,88568
2026-06-22 14:55:00+05:30,1328.300048828125,1330.0,1328.0,1329.5999755859375,166188
2026-06-22 15:00:00+05:30,1327.4000244140625,1328.5999755859375,1326.4000244140625,1328.5,281162
2026-06-22 15:05:00+05:30,1326.5,1327.4000244140625,1326.0999755859375,1327.300048828125,194419
2026-06-22 15:10:00+05:30,1327.199951171875,1328.5999755859375,1326.199951171875,1326.5,242277
2026-06-22 15:15:00+05:30,1326.0,1328.300048828125,1326.0,1327.300048828125,565714
2026-06-22 15:20:00+05:30,1324.5,1326.4000244140625,1323.9000244140625,1326.0999755859375,376103
2026-06-22 15:25:00+05:30,1324.9000244140625,1324.9000244140625,1323.0999755859375,1324.5,266168
2026-06-23 09:15:00+05:30,1330.0,1330.300048828125,1325.4000244140625,1328.199951171875,0
2026-06-23 09:20:00+05:30,1330.0,1333.0,1330.0,1330.0,379889
2026-06-23 09:25:00+05:30,1324.5999755859375,1329.5,1324.0,1329.5,299628
2026-06-23 09:30:00+05:30,1326.0,1327.0,1324.4000244140625,1324.4000244140625,137046
2026-06-23 09:35:00+05:30,1327.9000244140625,1328.5999755859375,1326.0,1326.0,135405
2026-06-23 09:40:00+05:30,1328.0,1328.5999755859375,1326.699951171875,1327.9000244140625,153075
2026-06-23 09:45:00+05:30,1327.0,1328.0,1326.5999755859375,1328.0,145768
2026-06-23 09:50:00+05:30,1326.5999755859375,1327.0999755859375,1326.0999755859375,1326.9000244140625,119995
2026-06-23 09:55:00+05:30,1326.5999755859375,1327.5999755859375,1326.199951171875,1326.5999755859375,131326
2026-06-23 10:00:00+05:30,1327.4000244140625,1328.0,1326.5999755859375,1326.5999755859375,67820
2026-06-23 10:05:00+05:30,1329.4000244140625,1329.5999755859375,1326.4000244140625,1327.4000244140625,99105
2026-06-23 10:10:00+05:30,1328.5,1329.4000244140625,1327.800048828125,1329.199951171875,86302
2026-06-23 10:15:00+05:30,1328.0999755859375,1329.199951171875,1327.5,1328.5,101794
2026-06-23 10:20:00+05:30,1328.300048828125,1329.0,1327.5,1328.199951171875,79198
2026-06-23 10:25:00+05:30,1327.300048828125,1328.5999755859375,1327.0999755859375,1328.0,97386
2026-06-23 10:30:00+05:30,1327.699951171875,1327.699951171875,1326.5,1327.199951171875,81236
2026-06-23 10:35:00+05:30,1328.0999755859375,1328.5,1327.300048828125,1327.699951171875,64216
2026-06-23 10:40:00+05:30,1327.9000244140625,1328.5999755859375,1327.5,1328.199951171875,76611
2026-06-23 10:45:00+05:30,1328.0,1329.199951171875,1327.5,1328.0,154587
2026-06-23 10:50:00+05:30,1328.699951171875,1329.0,1327.800048828125,1328.0,45210
2026-06-23 10:55:00+05:30,1326.5,1328.5999755859375,1326.5,1328.5999755859375,105477
2026-06-23 11:00:00+05:30,1328.300048828125,1328.5,1325.300048828125,1326.5,205056
2026-06-23 11:05:00+05:30,1326.300048828125,1328.4000244140625,1326.300048828125,1328.300048828125,72177
2026-06-23 11:10:00+05:30,1326.699951171875,1327.699951171875,1326.199951171875,1326.800048828125,75363
2026-06-23 11:15:00+05:30,1327.300048828125,1327.699951171875,1326.5,1326.5,105725
2026-06-23 11:20:00+05:30,1326.800048828125,1327.5,1325.699951171875,1327.300048828125,115373
2026-06-23 11:25:00+05:30,1326.5,1327.0,1326.199951171875,1326.699951171875,71855
2026-06-23 11:30:00+05:30,1328.0,1328.199951171875,1326.199951171875,1326.4000244140625,100874
2026-06-23 11:35:00+05:30,1328.5999755859375,1329.300048828125,1327.5,1328.0999755859375,131266
2026-06-23 11:40:00+05:30,1328.0,1328.5999755859375,1327.5999755859375,1328.199951171875,130712
2026-06-23 11:45:00+05:30,1325.0,1327.9000244140625,1324.5999755859375,1327.800048828125,125351
2026-06-23 11:50:00+05:30,1324.5,1325.800048828125,1324.199951171875,1324.9000244140625,162913
2026-06-23 11:55:00+05:30,1323.4000244140625,1324.699951171875,1321.5,1324.5,170242
2026-06-23 12:00:00+05:30,1322.699951171875,1324.0,1322.0,1323.5999755859375,147302
2026-06-23 12:05:00+05:30,1323.0,1323.4000244140625,1322.5999755859375,1322.5999755859375,61688
2026-06-23 12:10:00+05:30,1323.0999755859375,1323.5999755859375,1322.0999755859375,1323.0,158852
2026-06-23 12:15:00+05:30,1323.0999755859375,1323.5,1322.0,1323.300048828125,107762
2026-06-23 12:20:00+05:30,1319.4000244140625,1323.0999755859375,1319.300048828125,1323.0999755859375,153786
2026-06-23 12:25:00+05:30,1320.699951171875,1321.5,1319.0,1319.4000244140625,157299
2026-06-23 12:30:00+05:30,1319.9000244140625,1321.199951171875,1319.5,1320.699951171875,75723
2026-06-23 12:35:00+05:30,1320.4000244140625,1320.699951171875,1319.800048828125,1320.0,103399
2026-06-23 12:40:00+05:30,1320.4000244140625,1320.699951171875,1319.699951171875,1320.4000244140625,96799
2026-06-23 12:45:00+05:30,1319.5999755859375,1320.5,1319.300048828125,1320.300048828125,72150
2026-06-23 12:50:00+05:30,1319.800048828125,1320.4000244140625,1319.5,1319.699951171875,60140
2026-06-23 12:55:00+05:30,1320.5,1320.5999755859375,1319.9000244140625,1320.0,99424
2026-06-23 13:00:00+05:30,1319.5999755859375,1320.699951171875,1319.300048828125,1320.5,162966
2026-06-23 13:05:00+05:30,1320.5,1320.699951171875,1319.5999755859375,1319.800048828125,141331
2026-06-23 13:10:00+05:30,1320.300048828125,1320.699951171875,1320.300048828125,1320.5,104107
2026-06-23 13:15:00+05:30,1320.5,1320.5999755859375,1319.699951171875,1320.4000244140625,123424
2026-06-23 13:20:00+05:30,1320.300048828125,1320.5999755859375,1320.300048828125,1320.5999755859375,83658
2026-06-23 13:25:00+05:30,1320.4000244140625,1320.5999755859375,1320.0999755859375,1320.4000244140625,113606
2026-06-23 13:30:00+05:30,1317.300048828125,1320.5999755859375,1317.0,1320.4000244140625,352772
2026-06-23 13:35:00+05:30,1316.9000244140625,1318.300048828125,1316.0999755859375,1317.300048828125,176042
2026-06-23 13:40:00+05:30,1317.0,1317.5999755859375,1316.300048828125,1317.4000244140625,199540
2026-06-23 13:45:00+05:30,1315.199951171875,1317.0,1315.0999755859375,1317.0,160522
2026-06-23 13:50:00+05:30,1315.199951171875,1315.5999755859375,1314.0,1315.0999755859375,309193
2026-06-23 13:55:00+05:30,1315.0,1315.5999755859375,1314.4000244140625,1315.199951171875,89644
2026-06-23 14:00:00+05:30,1315.5,1315.800048828125,1315.199951171875,1315.4000244140625,340469
2026-06-23 14:05:00+05:30,1315.5999755859375,1315.800048828125,1314.5999755859375,1315.5,178511
2026-06-23 14:10:00+05:30,1316.5999755859375,1316.699951171875,1315.0,1315.5999755859375,122129
2026-06-23 14:15:00+05:30,1316.199951171875,1316.699951171875,1315.800048828125,1316.5999755859375,138123
2026-06-23 14:20:00+05:30,1315.800048828125,1316.9000244140625,1315.199951171875,1315.9000244140625,141085
2026-06-23 14:25:00+05:30,1315.5999755859375,1315.800048828125,1315.0,1315.800048828125,185197
2026-06-23 14:30:00+05:30,1315.800048828125,1315.800048828125,1315.300048828125,1315.5999755859375,187072
2026-06-23 14:35:00+05:30,1315.300048828125,1315.9000244140625,1315.300048828125,1315.800048828125,167547
2026-06-23 14:40:00+05:30,1315.199951171875,1315.5999755859375,1315.0,1315.300048828125,219047
2026-06-23 14:45:00+05:30,1315.5999755859375,1315.5999755859375,1314.699951171875,1315.4000244140625,235726
2026-06-23 14:50:00+05:30,1315.5,1315.800048828125,1315.0,1315.5999755859375,327335
2026-06-23 14:55:00+05:30,1315.0999755859375,1315.699951171875,1315.0,1315.5999755859375,257053
2026-06-23 15:00:00+05:30,1313.800048828125,1315.300048828125,1311.5999755859375,1315.300048828125,653315
2026-06-23 15:05:00+05:30,1313.199951171875,1314.300048828125,1313.0,1313.5,682584
2026-06-23 15:10:00+05:30,1310.300048828125,1313.5,1309.5999755859375,1313.199951171875,918043
2026-06-23 15:15:00+05:30,1307.800048828125,1310.300048828125,1307.300048828125,1310.300048828125,549009
2026-06-23 15:20:00+05:30,1305.800048828125,1308.0,1305.5,1307.699951171875,946805
2026-06-23 15:25:00+05:30,1306.0,1306.0,1304.0,1305.800048828125,1064963
2026-06-24 09:15:00+05:30,1306.300048828125,1308.199951171875,1301.5,1306.4000244140625,0
2026-06-24 09:20:00+05:30,1305.4000244140625,1307.199951171875,1305.199951171875,1306.699951171875,197999
2026-06-24 09:25:00+05:30,1304.9000244140625,1305.800048828125,1304.5999755859375,1305.4000244140625,145843
2026-06-24 09:30:00+05:30,1303.9000244140625,1305.699951171875,1303.5,1305.0,161262
2026-06-24 09:35:00+05:30,1303.5,1304.5,1303.0,1303.5999755859375,153016
2026-06-24 09:40:00+05:30,1301.0999755859375,1303.9000244140625,1301.0999755859375,1303.699951171875,178436
2026-06-24 09:45:00+05:30,1298.0999755859375,1301.9000244140625,1298.0,1301.199951171875,441533
2026-06-24 09:50:00+05:30,1299.699951171875,1300.0,1297.5,1297.9000244140625,205793
2026-06-24 09:55:00+05:30,1303.300048828125,1304.0,1299.300048828125,1299.5999755859375,233046
2026-06-24 10:00:00+05:30,1308.0,1309.0999755859375,1303.300048828125,1303.300048828125,289207
2026-06-24 10:05:00+05:30,1311.5,1311.699951171875,1307.300048828125,1307.5,159360
2026-06-24 10:10:00+05:30,1309.9000244140625,1311.5,1309.0999755859375,1311.5,105815
2026-06-24 10:15:00+05:30,1310.199951171875,1310.800048828125,1309.0999755859375,1310.0999755859375,66819
2026-06-24 10:20:00+05:30,1312.9000244140625,1313.5999755859375,1310.0,1310.199951171875,146187
2026-06-24 10:25:00+05:30,1312.800048828125,1314.300048828125,1312.199951171875,1313.0,82317
2026-06-24 10:30:00+05:30,1312.0999755859375,1312.9000244140625,1311.0999755859375,1312.800048828125,66230
2026-06-24 10:35:00+05:30,1311.800048828125,1312.0999755859375,1311.0,1312.0999755859375,47703
2026-06-24 10:40:00+05:30,1310.0,1312.0,1310.0,1312.0,68847
2026-06-24 10:45:00+05:30,1310.4000244140625,1311.4000244140625,1310.0,1310.0999755859375,59539
2026-06-24 10:50:00+05:30,1312.0,1312.699951171875,1310.4000244140625,1310.4000244140625,72549
2026-06-24 10:55:00+05:30,1312.300048828125,1312.5,1310.800048828125,1312.0,61101
2026-06-24 11:00:00+05:30,1313.0999755859375,1313.5,1311.0,1312.4000244140625,90689
2026-06-24 11:05:00+05:30,1314.800048828125,1314.800048828125,1313.0,1313.199951171875,68638
2026-06-24 11:10:00+05:30,1313.5,1314.800048828125,1312.800048828125,1314.800048828125,116204
2026-06-24 11:15:00+05:30,1312.4000244140625,1314.0,1311.9000244140625,1313.300048828125,127868
2026-06-24 11:20:00+05:30,1310.199951171875,1312.9000244140625,1309.800048828125,1312.5,171533
2026-06-24 11:25:00+05:30,1311.9000244140625,1312.199951171875,1310.0,1310.199951171875,60365
2026-06-24 11:30:00+05:30,1311.699951171875,1312.199951171875,1310.5999755859375,1311.5999755859375,72631
2026-06-24 11:35:00+05:30,1310.5999755859375,1312.300048828125,1310.5999755859375,1312.0,90755
2026-06-24 11:40:00+05:30,1311.800048828125,1312.4000244140625,1310.5,1310.800048828125,121688
2026-06-24 11:45:00+05:30,1313.5,1313.800048828125,1311.9000244140625,1312.0,102845
2026-06-24 11:50:00+05:30,1312.9000244140625,1314.0,1312.800048828125,1313.5,98924
2026-06-24 11:55:00+05:30,1312.699951171875,1313.800048828125,1312.4000244140625,1312.9000244140625,74684
2026-06-24 12:00:00+05:30,1313.0,1313.0,1312.0,1312.5,55478
2026-06-24 12:05:00+05:30,1311.199951171875,1313.0999755859375,1311.0999755859375,1313.0,83912
2026-06-24 12:10:00+05:30,1310.5,1312.5999755859375,1310.0,1311.300048828125,120452
2026-06-24 12:15:00+05:30,1311.4000244140625,1312.199951171875,1310.4000244140625,1310.5,63878
2026-06-24 12:20:00+05:30,1312.0999755859375,1312.4000244140625,1310.4000244140625,1311.4000244140625,60024
2026-06-24 12:25:00+05:30,1313.0999755859375,1313.0999755859375,1312.0,1312.199951171875,62195
2026-06-24 12:30:00+05:30,1311.5,1313.0999755859375,1311.0,1313.0999755859375,78402
2026-06-24 12:35:00+05:30,1311.699951171875,1311.9000244140625,1310.699951171875,1311.699951171875,115534
2026-06-24 12:40:00+05:30,1312.9000244140625,1313.0,1311.5999755859375,1311.9000244140625,60488
2026-06-24 12:45:00+05:30,1312.9000244140625,1312.9000244140625,1312.0,1312.9000244140625,50906
2026-06-24 12:50:00+05:30,1314.0,1314.0,1312.5999755859375,1312.9000244140625,208953
2026-06-24 12:55:00+05:30,1316.199951171875,1317.0999755859375,1313.5999755859375,1313.9000244140625,206680
2026-06-24 13:00:00+05:30,1314.800048828125,1316.5,1314.800048828125,1316.199951171875,98732
2026-06-24 13:05:00+05:30,1317.0,1317.0,1314.5,1314.800048828125,144905
2026-06-24 13:10:00+05:30,1319.300048828125,1319.300048828125,1316.800048828125,1317.0,176164
2026-06-24 13:15:00+05:30,1319.0999755859375,1320.0,1318.5,1319.300048828125,151049
2026-06-24 13:20:00+05:30,1317.9000244140625,1319.4000244140625,1317.5999755859375,1319.0999755859375,122330
2026-06-24 13:25:00+05:30,1318.0,1318.0999755859375,1317.199951171875,1317.9000244140625,62520
2026-06-24 13:30:00+05:30,1319.199951171875,1319.199951171875,1317.9000244140625,1317.9000244140625,75117
2026-06-24 13:35:00+05:30,1319.4000244140625,1320.0,1319.0,1319.0999755859375,82857
2026-06-24 13:40:00+05:30,1319.800048828125,1320.4000244140625,1318.699951171875,1319.4000244140625,125708
2026-06-24 13:45:00+05:30,1320.699951171875,1321.9000244140625,1319.5,1319.9000244140625,182646
2026-06-24 13:50:00+05:30,1319.5,1321.0999755859375,1318.4000244140625,1320.699951171875,108159
2026-06-24 13:55:00+05:30,1318.5999755859375,1319.4000244140625,1317.5999755859375,1319.4000244140625,108518
2026-06-24 14:00:00+05:30,1317.9000244140625,1318.800048828125,1317.199951171875,1318.699951171875,92772
2026-06-24 14:05:00+05:30,1320.4000244140625,1320.5,1316.699951171875,1318.0,185155
2026-06-24 14:10:00+05:30,1320.4000244140625,1321.0,1318.800048828125,1320.4000244140625,235759
2026-06-24 14:15:00+05:30,1319.699951171875,1320.699951171875,1319.300048828125,1319.9000244140625,57944
2026-06-24 14:20:00+05:30,1320.300048828125,1320.5999755859375,1319.4000244140625,1320.0,118298
2026-06-24 14:25:00+05:30,1320.199951171875,1320.800048828125,1319.800048828125,1320.5999755859375,97017
2026-06-24 14:30:00+05:30,1319.699951171875,1320.5999755859375,1319.5999755859375,1320.199951171875,123474
2026-06-24 14:35:00+05:30,1318.300048828125,1320.5999755859375,1318.0999755859375,1319.699951171875,133219
2026-06-24 14:40:00+05:30,1320.0,1320.699951171875,1318.0,1318.199951171875,152423
2026-06-24 14:45:00+05:30,1317.800048828125,1320.4000244140625,1317.5999755859375,1320.0,161149
2026-06-24 14:50:00+05:30,1318.0,1319.5,1317.5999755859375,1317.800048828125,128749
2026-06-24 14:55:00+05:30,1316.5,1318.300048828125,1315.9000244140625,1318.0999755859375,265947
2026-06-24 15:00:00+05:30,1313.699951171875,1316.4000244140625,1313.699951171875,1316.4000244140625,385523
2026-06-24 15:05:00+05:30,1312.9000244140625,1314.5999755859375,1312.5,1313.800048828125,441342
2026-06-24 15:10:00+05:30,1311.699951171875,1313.0999755859375,1311.0999755859375,1313.0,283782
2026-06-24 15:15:00+05:30,1313.699951171875,1314.4000244140625,1311.699951171875,1311.699951171875,317894
2026-06-24 15:20:00+05:30,1315.0,1315.300048828125,1312.300048828125,1313.5999755859375,241241
2026-06-24 15:25:00+05:30,1313.4000244140625,1315.0,1313.0999755859375,1314.9000244140625,231385
2026-06-25 09:15:00+05:30,1320.9000244140625,1323.0,1317.699951171875,1318.0,0
2026-06-25 09:20:00+05:30,1323.0,1323.9000244140625,1320.800048828125,1320.800048828125,224620
2026-06-25 09:25:00+05:30,1321.0,1323.0,1320.5999755859375,1322.5,171827
2026-06-25 09:30:00+05:30,1321.5,1322.199951171875,1320.800048828125,1321.0,124937
2026-06-25 09:35:00+05:30,1321.0999755859375,1322.199951171875,1321.0999755859375,1321.199951171875,109350
2026-06-25 09:40:00+05:30,1321.5,1322.300048828125,1320.300048828125,1321.300048828125,140312
2026-06-25 09:45:00+05:30,1323.0,1323.199951171875,1321.300048828125,1321.5,139798
2026-06-25 09:50:00+05:30,1326.199951171875,1327.5,1323.0,1323.0,321808
2026-06-25 09:55:00+05:30,1327.5,1327.699951171875,1325.0999755859375,1326.199951171875,199600
2026-06-25 10:00:00+05:30,1326.9000244140625,1327.5999755859375,1325.300048828125,1327.5999755859375,163269
2026-06-25 10:05:00+05:30,1325.699951171875,1326.9000244140625,1325.5,1326.5,76492
2026-06-25 10:10:00+05:30,1326.5999755859375,1326.9000244140625,1324.199951171875,1325.4000244140625,129540
2026-06-25 10:15:00+05:30,1326.4000244140625,1327.9000244140625,1325.5999755859375,1326.9000244140625,130712
2026-06-25 10:20:00+05:30,1325.5,1326.4000244140625,1324.4000244140625,1326.4000244140625,225778
2026-06-25 10:25:00+05:30,1324.4000244140625,1326.199951171875,1324.0999755859375,1325.199951171875,100953
2026-06-25 10:30:00+05:30,1325.300048828125,1325.9000244140625,1324.4000244140625,1324.4000244140625,138014
2026-06-25 10:35:00+05:30,1324.0999755859375,1325.800048828125,1323.699951171875,1325.199951171875,115780
2026-06-25 10:40:00+05:30,1325.5,1325.699951171875,1323.699951171875,1324.300048828125,187921
2026-06-25 10:45:00+05:30,1326.5,1326.800048828125,1325.0,1325.0,75307
2026-06-25 10:50:00+05:30,1325.199951171875,1326.800048828125,1325.199951171875,1326.699951171875,55160
2026-06-25 10:55:00+05:30,1326.199951171875,1326.4000244140625,1324.4000244140625,1325.0999755859375,104362
2026-06-25 11:00:00+05:30,1325.5999755859375,1326.5,1325.199951171875,1326.300048828125,71865
2026-06-25 11:05:00+05:30,1325.800048828125,1326.0,1324.300048828125,1325.5999755859375,99040
2026-06-25 11:10:00+05:30,1324.699951171875,1326.300048828125,1324.0999755859375,1325.800048828125,118873
2026-06-25 11:15:00+05:30,1325.300048828125,1325.5999755859375,1324.0999755859375,1324.5999755859375,197873
2026-06-25 11:20:00+05:30,1324.5,1325.5999755859375,1324.199951171875,1325.5,50788
2026-06-25 11:25:00+05:30,1322.9000244140625,1324.5999755859375,1322.300048828125,1324.199951171875,84464
2026-06-25 11:30:00+05:30,1323.0,1323.5,1322.199951171875,1322.5999755859375,81079
2026-06-25 11:35:00+05:30,1321.4000244140625,1323.0,1320.4000244140625,1323.0,124206
2026-06-25 11:40:00+05:30,1321.0,1322.300048828125,1320.0,1321.199951171875,94474
2026-06-25 11:45:00+05:30,1321.699951171875,1322.4000244140625,1320.0,1321.0,65736
2026-06-25 11:50:00+05:30,1322.800048828125,1323.0,1320.9000244140625,1321.699951171875,92870
2026-06-25 11:55:00+05:30,1323.800048828125,1324.199951171875,1322.199951171875,1322.800048828125,84324
2026-06-25 12:00:00+05:30,1323.5,1324.4000244140625,1322.5999755859375,1323.800048828125,76213
2026-06-25 12:05:00+05:30,1323.0,1323.5999755859375,1323.0,1323.5,49007
2026-06-25 12:10:00+05:30,1322.0,1323.199951171875,1322.0,1323.0,99506
2026-06-25 12:15:00+05:30,1322.300048828125,1322.5999755859375,1321.4000244140625,1322.0,81015
2026-06-25 12:20:00+05:30,1320.5,1322.5,1320.199951171875,1322.4000244140625,95013
2026-06-25 12:25:00+05:30,1318.0999755859375,1320.5,1318.0999755859375,1320.5,138477
2026-06-25 12:30:00+05:30,1318.0,1318.800048828125,1316.5,1318.199951171875,161538
2026-06-25 12:35:00+05:30,1320.199951171875,1320.5999755859375,1317.5999755859375,1318.0,79325
2026-06-25 12:40:00+05:30,1320.0999755859375,1320.699951171875,1319.9000244140625,1320.0,131945
2026-06-25 12:45:00+05:30,1320.699951171875,1320.800048828125,1320.0,1320.199951171875,76874
2026-06-25 12:50:00+05:30,1321.199951171875,1321.699951171875,1320.4000244140625,1320.699951171875,68084
2026-06-25 12:55:00+05:30,1322.199951171875,1322.300048828125,1321.0,1321.0999755859375,60118
2026-06-25 13:00:00+05:30,1322.0999755859375,1323.4000244140625,1322.0,1322.199951171875,91346
2026-06-25 13:05:00+05:30,1321.5999755859375,1323.0,1320.9000244140625,1322.5999755859375,74971
2026-06-25 13:10:00+05:30,1320.4000244140625,1321.9000244140625,1320.0,1321.5,90299
2026-06-25 13:15:00+05:30,1321.5999755859375,1321.9000244140625,1320.0,1320.4000244140625,49201
2026-06-25 13:20:00+05:30,1321.4000244140625,1321.800048828125,1321.0999755859375,1321.5,61355
2026-06-25 13:25:00+05:30,1321.199951171875,1322.0,1320.699951171875,1321.4000244140625,96605
2026-06-25 13:30:00+05:30,1321.9000244140625,1322.0,1320.699951171875,1321.5,126476
2026-06-25 13:35:00+05:30,1322.199951171875,1322.699951171875,1321.699951171875,1322.0,69020
2026-06-25 13:40:00+05:30,1322.0999755859375,1322.699951171875,1322.0,1322.300048828125,61703
2026-06-25 13:45:00+05:30,1322.699951171875,1322.699951171875,1321.4000244140625,1322.300048828125,72666
2026-06-25 13:50:00+05:30,1322.199951171875,1322.800048828125,1321.699951171875,1322.5,82294
2026-06-25 13:55:00+05:30,1320.800048828125,1322.199951171875,1320.5999755859375,1322.199951171875,149090
2026-06-25 14:00:00+05:30,1321.4000244140625,1321.800048828125,1320.0,1320.300048828125,136823
2026-06-25 14:05:00+05:30,1321.9000244140625,1322.199951171875,1321.0,1321.5,59132
2026-06-25 14:10:00+05:30,1320.0,1322.5,1319.0,1321.9000244140625,156578
2026-06-25 14:15:00+05:30,1318.9000244140625,1319.9000244140625,1318.0,1319.9000244140625,107764
2026-06-25 14:20:00+05:30,1319.300048828125,1320.300048828125,1318.5,1319.0999755859375,238487
2026-06-25 14:25:00+05:30,1319.4000244140625,1319.699951171875,1317.5,1319.300048828125,155647
2026-06-25 14:30:00+05:30,1319.5999755859375,1320.5,1319.0999755859375,1319.4000244140625,173391
2026-06-25 14:35:00+05:30,1319.5,1320.9000244140625,1319.0999755859375,1319.800048828125,265493
2026-06-25 14:40:00+05:30,1315.5,1319.5,1315.0,1319.4000244140625,395171
2026-06-25 14:45:00+05:30,1317.5,1318.800048828125,1315.199951171875,1315.5,305129
2026-06-25 14:50:00+05:30,1319.5,1319.9000244140625,1317.5,1317.800048828125,188835
2026-06-25 14:55:00+05:30,1319.5999755859375,1320.800048828125,1319.300048828125,1319.5999755859375,156881
2026-06-25 15:00:00+05:30,1319.199951171875,1319.9000244140625,1317.4000244140625,1319.9000244140625,861810
2026-06-25 15:05:00+05:30,1319.5,1320.199951171875,1317.9000244140625,1319.199951171875,910588
2026-06-25 15:10:00+05:30,1319.0,1320.9000244140625,1318.9000244140625,1319.699951171875,634269
2026-06-25 15:15:00+05:30,1316.4000244140625,1319.0999755859375,1315.5,1319.0,602593
2026-06-25 15:20:00+05:30,1315.300048828125,1316.300048828125,1314.5999755859375,1316.199951171875,424065
2026-06-25 15:25:00+05:30,1318.0999755859375,1318.0999755859375,1315.0,1315.4000244140625,346409
2026-06-29 09:15:00+05:30,1310.800048828125,1312.9000244140625,1306.5999755859375,1310.0999755859375,0
2026-06-29 09:20:00+05:30,1311.5,1313.5,1310.0999755859375,1310.800048828125,174187
2026-06-29 09:25:00+05:30,1310.5999755859375,1311.5999755859375,1309.800048828125,1311.4000244140625,107680
2026-06-29 09:30:00+05:30,1307.300048828125,1310.800048828125,1306.0,1310.5,283391
2026-06-29 09:35:00+05:30,1310.0999755859375,1310.5,1305.0999755859375,1307.300048828125,174349
2026-06-29 09:40:00+05:30,1310.0,1311.0999755859375,1309.5999755859375,1310.0999755859375,108835
2026-06-29 09:45:00+05:30,1310.0999755859375,1310.9000244140625,1309.699951171875,1310.0,122508
2026-06-29 09:50:00+05:30,1310.0999755859375,1310.4000244140625,1309.800048828125,1310.199951171875,40404
2026-06-29 09:55:00+05:30,1309.800048828125,1310.0999755859375,1309.5,1310.0999755859375,43797
2026-06-29 10:00:00+05:30,1309.0999755859375,1310.4000244140625,1309.0999755859375,1309.800048828125,57599
2026-06-29 10:05:00+05:30,1310.699951171875,1311.0,1309.0999755859375,1309.0999755859375,80721
2026-06-29 10:10:00+05:30,1310.4000244140625,1311.0,1310.0,1310.699951171875,85030
2026-06-29 10:15:00+05:30,1310.199951171875,1310.9000244140625,1309.800048828125,1310.199951171875,95477
2026-06-29 10:20:00+05:30,1311.300048828125,1311.300048828125,1309.699951171875,1310.300048828125,87058
2026-06-29 10:25:00+05:30,1311.800048828125,1312.9000244140625,1311.199951171875,1311.300048828125,115996
2026-06-29 10:30:00+05:30,1312.699951171875,1313.5,1311.699951171875,1311.800048828125,98930
2026-06-29 10:35:00+05:30,1311.800048828125,1313.0,1311.199951171875,1312.699951171875,73418
2026-06-29 10:40:00+05:30,1311.4000244140625,1312.5999755859375,1311.4000244140625,1311.800048828125,136121
2026-06-29 10:45:00+05:30,1308.800048828125,1312.0,1308.800048828125,1311.4000244140625,144237
2026-06-29 10:50:00+05:30,1307.699951171875,1308.9000244140625,1307.0,1308.9000244140625,89492
2026-06-29 10:55:00+05:30,1308.0,1308.5,1307.199951171875,1307.699951171875,50262
2026-06-29 11:00:00+05:30,1308.5999755859375,1309.300048828125,1307.5,1308.199951171875,82359
2026-06-29 11:05:00+05:30,1308.5,1309.199951171875,1307.800048828125,1308.5999755859375,103032
2026-06-29 11:10:00+05:30,1308.0999755859375,1308.9000244140625,1307.699951171875,1308.5,106262
2026-06-29 11:15:00+05:30,1309.800048828125,1309.800048828125,1307.4000244140625,1308.0,126357
2026-06-29 11:20:00+05:30,1309.199951171875,1310.0999755859375,1309.0,1309.800048828125,34707
2026-06-29 11:25:00+05:30,1308.5999755859375,1309.5,1308.300048828125,1309.199951171875,178506
2026-06-29 11:30:00+05:30,1307.5999755859375,1309.5,1307.4000244140625,1308.5,213309
2026-06-29 11:35:00+05:30,1306.0999755859375,1309.0,1306.0,1307.5999755859375,269311
2026-06-29 11:40:00+05:30,1305.0999755859375,1306.5,1304.199951171875,1306.199951171875,195545
2026-06-29 11:45:00+05:30,1304.0,1305.800048828125,1303.800048828125,1305.4000244140625,165264
2026-06-29 11:50:00+05:30,1301.300048828125,1304.0,1301.0999755859375,1304.0,218211
2026-06-29 11:55:00+05:30,1303.699951171875,1304.300048828125,1301.0,1301.0999755859375,168439
2026-06-29 12:00:00+05:30,1302.800048828125,1304.0,1302.5,1303.699951171875,101728
2026-06-29 12:05:00+05:30,1303.300048828125,1304.0,1302.800048828125,1302.800048828125,224193
2026-06-29 12:10:00+05:30,1302.5999755859375,1304.699951171875,1302.5,1303.5,97483
2026-06-29 12:15:00+05:30,1302.0999755859375,1304.0,1302.0999755859375,1302.5999755859375,112136
2026-06-29 12:20:00+05:30,1302.5999755859375,1303.0,1302.0999755859375,1302.199951171875,38944
2026-06-29 12:25:00+05:30,1301.699951171875,1302.9000244140625,1301.300048828125,1302.800048828125,125110
2026-06-29 12:30:00+05:30,1302.0,1303.300048828125,1301.4000244140625,1301.800048828125,153865
2026-06-29 12:35:00+05:30,1301.699951171875,1302.699951171875,1301.4000244140625,1302.0,97601
2026-06-29 12:40:00+05:30,1301.4000244140625,1301.9000244140625,1300.5999755859375,1301.9000244140625,98181
2026-06-29 12:45:00+05:30,1302.5,1302.9000244140625,1301.300048828125,1301.4000244140625,48616
2026-06-29 12:50:00+05:30,1301.5,1302.800048828125,1301.5,1302.699951171875,41602
2026-06-29 12:55:00+05:30,1302.4000244140625,1302.9000244140625,1301.300048828125,1301.5999755859375,49916
2026-06-29 13:00:00+05:30,1301.699951171875,1302.5,1301.5999755859375,1302.5,99715
2026-06-29 13:05:00+05:30,1301.9000244140625,1301.9000244140625,1300.300048828125,1301.699951171875,81950
2026-06-29 13:10:00+05:30,1300.699951171875,1302.199951171875,1300.5999755859375,1302.0,90319
2026-06-29 13:15:00+05:30,1300.199951171875,1301.0999755859375,1300.0999755859375,1300.699951171875,79712
2026-06-29 13:20:00+05:30,1300.0999755859375,1300.5999755859375,1300.0999755859375,1300.300048828125,60779
2026-06-29 13:25:00+05:30,1301.300048828125,1301.5,1300.0999755859375,1300.0999755859375,86148
2026-06-29 13:30:00+05:30,1301.0999755859375,1303.300048828125,1301.0,1301.300048828125,139006
2026-06-29 13:35:00+05:30,1301.0,1302.0,1300.5999755859375,1301.0999755859375,62047
2026-06-29 13:40:00+05:30,1299.699951171875,1301.800048828125,1299.5,1301.0,262312
2026-06-29 13:45:00+05:30,1296.0,1299.699951171875,1296.0,1299.699951171875,192191
2026-06-29 13:50:00+05:30,1297.0999755859375,1297.0999755859375,1295.4000244140625,1296.0,126139
2026-06-29 13:55:00+05:30,1297.300048828125,1297.800048828125,1296.199951171875,1297.0,134037
2026-06-29 14:00:00+05:30,1297.5,1297.5999755859375,1297.0,1297.300048828125,73778
2026-06-29 14:05:00+05:30,1296.5,1297.5,1296.0999755859375,1297.199951171875,89012
2026-06-29 14:10:00+05:30,1295.0,1296.300048828125,1294.699951171875,1296.0,183564
2026-06-29 14:15:00+05:30,1295.0,1295.4000244140625,1293.4000244140625,1295.0,131841
2026-06-29 14:20:00+05:30,1293.199951171875,1295.300048828125,1293.199951171875,1294.699951171875,126304
2026-06-29 14:25:00+05:30,1293.5999755859375,1294.300048828125,1293.0,1293.5,221365
2026-06-29 14:30:00+05:30,1296.4000244140625,1297.699951171875,1292.5999755859375,1293.9000244140625,212647
2026-06-29 14:35:00+05:30,1294.9000244140625,1297.300048828125,1294.0,1296.5999755859375,243791
2026-06-29 14:40:00+05:30,1295.800048828125,1296.0999755859375,1294.699951171875,1294.800048828125,214315
2026-06-29 14:45:00+05:30,1296.699951171875,1296.800048828125,1295.300048828125,1295.800048828125,114417
2026-06-29 14:50:00+05:30,1296.4000244140625,1297.0,1296.0,1296.800048828125,187353
2026-06-29 14:55:00+05:30,1296.199951171875,1296.9000244140625,1295.5,1296.5,192058
2026-06-29 15:00:00+05:30,1299.0999755859375,1300.0,1296.0,1296.0999755859375,782990
2026-06-29 15:05:00+05:30,1301.5999755859375,1301.800048828125,1299.0,1299.0,752725
2026-06-29 15:10:00+05:30,1301.699951171875,1301.800048828125,1299.699951171875,1301.0,733419
2026-06-29 15:15:00+05:30,1302.5,1302.5999755859375,1300.800048828125,1301.5,712389
2026-06-29 15:20:00+05:30,1302.5,1303.0999755859375,1301.5,1302.4000244140625,751664
2026-06-29 15:25:00+05:30,1302.0,1302.5999755859375,1300.0,1302.300048828125,480531
2026-06-30 09:15:00+05:30,1297.5999755859375,1306.9000244140625,1297.4000244140625,1305.800048828125,0
2026-06-30 09:20:00+05:30,1293.300048828125,1297.699951171875,1293.300048828125,1297.5,204410
2026-06-30 09:25:00+05:30,1294.5999755859375,1294.5999755859375,1292.699951171875,1293.5,240576
2026-06-30 09:30:00+05:30,1291.5999755859375,1295.0999755859375,1291.0999755859375,1294.5999755859375,230440
2026-06-30 09:35:00+05:30,1290.4000244140625,1293.199951171875,1290.4000244140625,1291.5999755859375,199710
2026-06-30 09:40:00+05:30,1291.4000244140625,1291.4000244140625,1290.0,1290.4000244140625,172651
2026-06-30 09:45:00+05:30,1293.0999755859375,1293.9000244140625,1291.0,1291.0999755859375,156724
2026-06-30 09:50:00+05:30,1293.699951171875,1294.4000244140625,1291.9000244140625,1293.199951171875,103150
2026-06-30 09:55:00+05:30,1294.800048828125,1295.0,1293.5999755859375,1293.5999755859375,83896
2026-06-30 10:00:00+05:30,1296.0999755859375,1296.199951171875,1294.5,1294.800048828125,110550
2026-06-30 10:05:00+05:30,1293.800048828125,1296.199951171875,1293.5,1296.199951171875,89431
2026-06-30 10:10:00+05:30,1295.300048828125,1295.800048828125,1293.699951171875,1293.800048828125,181482
2026-06-30 10:15:00+05:30,1295.800048828125,1295.9000244140625,1295.0,1295.300048828125,65954
2026-06-30 10:20:00+05:30,1296.199951171875,1296.5,1295.199951171875,1295.699951171875,81693
2026-06-30 10:25:00+05:30,1295.9000244140625,1296.9000244140625,1295.9000244140625,1296.300048828125,188516
2026-06-30 10:30:00+05:30,1296.199951171875,1296.699951171875,1295.800048828125,1295.800048828125,55550
2026-06-30 10:35:00+05:30,1295.5,1297.0,1295.5,1296.199951171875,243496
2026-06-30 10:40:00+05:30,1294.699951171875,1295.9000244140625,1293.5,1295.9000244140625,131024
2026-06-30 10:45:00+05:30,1296.199951171875,1296.300048828125,1294.4000244140625,1294.5999755859375,96845
2026-06-30 10:50:00+05:30,1296.199951171875,1297.800048828125,1295.699951171875,1296.199951171875,169626
2026-06-30 10:55:00+05:30,1292.5,1296.5,1292.5,1296.0999755859375,123540
2026-06-30 11:00:00+05:30,1294.0,1294.5999755859375,1292.0,1292.800048828125,202554
2026-06-30 11:05:00+05:30,1293.4000244140625,1294.199951171875,1293.0,1293.9000244140625,165252
2026-06-30 11:10:00+05:30,1296.699951171875,1297.0,1293.0999755859375,1293.300048828125,151219
2026-06-30 11:15:00+05:30,1296.800048828125,1297.0,1295.5999755859375,1296.5999755859375,208453
2026-06-30 11:20:00+05:30,1297.5,1297.5,1295.800048828125,1296.5,212636
2026-06-30 11:25:00+05:30,1298.0,1300.0,1297.0,1297.699951171875,184584
2026-06-30 11:30:00+05:30,1297.0999755859375,1298.5,1296.300048828125,1298.0999755859375,142631
2026-06-30 11:35:00+05:30,1296.5,1297.0999755859375,1295.0,1297.0999755859375,174133
2026-06-30 11:40:00+05:30,1295.0,1297.5,1294.9000244140625,1296.199951171875,80718
2026-06-30 11:45:00+05:30,1294.9000244140625,1295.5,1294.199951171875,1294.9000244140625,111977
2026-06-30 11:50:00+05:30,1296.9000244140625,1297.4000244140625,1295.0,1295.0,135955
2026-06-30 11:55:00+05:30,1297.9000244140625,1297.9000244140625,1296.300048828125,1296.5999755859375,46346
2026-06-30 12:00:00+05:30,1294.699951171875,1297.800048828125,1294.699951171875,1297.800048828125,90487
2026-06-30 12:05:00+05:30,1295.0,1295.699951171875,1294.0999755859375,1294.699951171875,73853
2026-06-30 12:10:00+05:30,1295.300048828125,1295.5,1295.0,1295.0999755859375,67975
2026-06-30 12:15:00+05:30,1295.0999755859375,1295.4000244140625,1295.0,1295.300048828125,83393
2026-06-30 12:20:00+05:30,1296.9000244140625,1297.0,1295.0999755859375,1295.4000244140625,181009
2026-06-30 12:25:00+05:30,1296.300048828125,1297.0999755859375,1295.199951171875,1297.0,89623
2026-06-30 12:30:00+05:30,1296.699951171875,1297.0,1295.5,1296.5,93317
2026-06-30 12:35:00+05:30,1298.0999755859375,1298.199951171875,1296.800048828125,1296.800048828125,101337
2026-06-30 12:40:00+05:30,1299.0,1299.5999755859375,1297.9000244140625,1298.300048828125,128431
2026-06-30 12:45:00+05:30,1298.300048828125,1299.9000244140625,1298.0,1298.9000244140625,183906
2026-06-30 12:50:00+05:30,1297.300048828125,1298.4000244140625,1296.0999755859375,1298.199951171875,96079
2026-06-30 12:55:00+05:30,1297.5,1299.4000244140625,1296.199951171875,1296.9000244140625,485615
2026-06-30 13:00:00+05:30,1297.4000244140625,1297.5,1296.0,1297.5,167181
2026-06-30 13:05:00+05:30,1295.800048828125,1297.699951171875,1295.800048828125,1297.300048828125,203855
2026-06-30 13:10:00+05:30,1295.5999755859375,1296.199951171875,1295.0999755859375,1295.699951171875,116762
2026-06-30 13:15:00+05:30,1294.699951171875,1295.5999755859375,1294.199951171875,1295.4000244140625,156275
2026-06-30 13:20:00+05:30,1293.199951171875,1294.699951171875,1293.0,1294.4000244140625,103401
2026-06-30 13:25:00+05:30,1295.0,1295.300048828125,1293.0,1293.4000244140625,132646
2026-06-30 13:30:00+05:30,1295.199951171875,1295.800048828125,1294.5,1294.9000244140625,122654
2026-06-30 13:35:00+05:30,1296.0,1296.4000244140625,1295.0,1295.199951171875,75937
2026-06-30 13:40:00+05:30,1296.5999755859375,1297.300048828125,1295.5999755859375,1296.0999755859375,132362
2026-06-30 13:45:00+05:30,1296.300048828125,1296.5999755859375,1295.5,1296.5999755859375,94283
2026-06-30 13:50:00+05:30,1294.699951171875,1297.0,1294.699951171875,1296.4000244140625,139500
2026-06-30 13:55:00+05:30,1294.9000244140625,1295.4000244140625,1294.0,1295.0,179907
2026-06-30 14:00:00+05:30,1293.0999755859375,1295.0999755859375,1292.699951171875,1294.699951171875,286882
2026-06-30 14:05:00+05:30,1293.4000244140625,1293.9000244140625,1292.5,1293.0999755859375,150962
2026-06-30 14:10:00+05:30,1293.0,1293.699951171875,1292.5,1293.5,100618
2026-06-30 14:15:00+05:30,1292.9000244140625,1294.0,1292.5,1293.199951171875,203088
2026-06-30 14:20:00+05:30,1295.199951171875,1295.5,1292.5,1292.9000244140625,206222
2026-06-30 14:25:00+05:30,1296.0,1297.0,1295.300048828125,1295.5999755859375,394612
2026-06-30 14:30:00+05:30,1295.0999755859375,1295.5999755859375,1292.699951171875,1294.9000244140625,372244
2026-06-30 14:35:00+05:30,1296.0999755859375,1296.300048828125,1294.9000244140625,1295.0,298335
2026-06-30 14:40:00+05:30,1296.0,1296.4000244140625,1295.4000244140625,1296.0,222765
2026-06-30 14:45:00+05:30,1296.0,1296.300048828125,1295.5,1296.199951171875,248864
2026-06-30 14:50:00+05:30,1295.4000244140625,1296.0,1294.800048828125,1296.0,138313
2026-06-30 14:55:00+05:30,1294.199951171875,1296.300048828125,1293.5,1295.9000244140625,289324
2026-06-30 15:00:00+05:30,1293.699951171875,1294.199951171875,1292.199951171875,1294.199951171875,950275
2026-06-30 15:05:00+05:30,1294.300048828125,1294.5999755859375,1292.9000244140625,1293.5,870179
2026-06-30 15:10:00+05:30,1294.800048828125,1295.199951171875,1293.5,1294.199951171875,731020
2026-06-30 15:15:00+05:30,1294.800048828125,1295.0,1294.5999755859375,1294.800048828125,651033
2026-06-30 15:20:00+05:30,1293.699951171875,1294.800048828125,1293.0999755859375,1294.699951171875,675620
2026-06-30 15:25:00+05:30,1294.0,1294.9000244140625,1293.0999755859375,1293.800048828125,400022
2026-07-01 09:15:00+05:30,1298.800048828125,1299.9000244140625,1296.9000244140625,1297.5,0
2026-07-01 09:20:00+05:30,1299.5999755859375,1299.699951171875,1297.9000244140625,1299.0,105173
2026-07-01 09:25:00+05:30,1301.300048828125,1301.300048828125,1298.800048828125,1299.5999755859375,91957
2026-07-01 09:30:00+05:30,1298.300048828125,1301.300048828125,1298.0,1301.0,136035
2026-07-01 09:35:00+05:30,1300.199951171875,1300.800048828125,1298.0,1298.0,60343
2026-07-01 09:40:00+05:30,1298.0999755859375,1300.300048828125,1297.0,1299.699951171875,96305
2026-07-01 09:45:00+05:30,1298.9000244140625,1299.199951171875,1297.5999755859375,1298.0999755859375,40210
2026-07-01 09:50:00+05:30,1301.199951171875,1301.300048828125,1299.199951171875,1299.199951171875,84206
2026-07-01 09:55:00+05:30,1307.4000244140625,1308.0,1301.0999755859375,1301.0999755859375,306984
2026-07-01 10:00:00+05:30,1307.5,1311.4000244140625,1307.300048828125,1307.9000244140625,290904
2026-07-01 10:05:00+05:30,1306.800048828125,1309.0,1306.5999755859375,1307.9000244140625,109287
2026-07-01 10:10:00+05:30,1306.4000244140625,1308.0,1305.699951171875,1306.800048828125,193564
2026-07-01 10:15:00+05:30,1308.5,1309.800048828125,1306.4000244140625,1306.5,95301
2026-07-01 10:20:00+05:30,1308.0,1309.9000244140625,1308.0,1308.5999755859375,55665
2026-07-01 10:25:00+05:30,1306.199951171875,1308.0999755859375,1306.0999755859375,1307.5,57253
2026-07-01 10:30:00+05:30,1306.699951171875,1308.199951171875,1306.0999755859375,1307.0,102205
2026-07-01 10:35:00+05:30,1305.300048828125,1307.5,1305.0,1306.699951171875,51990
2026-07-01 10:40:00+05:30,1303.9000244140625,1306.0999755859375,1303.0,1305.300048828125,86470
2026-07-01 10:45:00+05:30,1304.699951171875,1305.199951171875,1303.199951171875,1303.9000244140625,56521
2026-07-01 10:50:00+05:30,1306.300048828125,1306.300048828125,1304.300048828125,1304.9000244140625,66588
2026-07-01 10:55:00+05:30,1306.199951171875,1306.300048828125,1305.300048828125,1306.199951171875,34443
2026-07-01 11:00:00+05:30,1305.699951171875,1307.4000244140625,1305.199951171875,1306.5,54328
2026-07-01 11:05:00+05:30,1306.0,1306.0999755859375,1304.5,1305.5999755859375,50661
2026-07-01 11:10:00+05:30,1310.699951171875,1311.0,1306.199951171875,1306.300048828125,201310
2026-07-01 11:15:00+05:30,1310.5999755859375,1312.199951171875,1310.300048828125,1310.800048828125,135579
2026-07-01 11:20:00+05:30,1309.4000244140625,1310.5999755859375,1309.4000244140625,1310.5999755859375,110837
2026-07-01 11:25:00+05:30,1309.0,1309.5999755859375,1308.5,1309.199951171875,54088
2026-07-01 11:30:00+05:30,1308.300048828125,1309.800048828125,1308.0999755859375,1309.0999755859375,115050
2026-07-01 11:35:00+05:30,1309.0,1309.699951171875,1307.5999755859375,1307.800048828125,110187
2026-07-01 11:40:00+05:30,1310.0999755859375,1310.4000244140625,1308.699951171875,1308.800048828125,89748
2026-07-01 11:45:00+05:30,1310.0,1311.0,1310.0,1310.0999755859375,86976
2026-07-01 11:50:00+05:30,1307.4000244140625,1310.5,1307.4000244140625,1310.199951171875,81289
2026-07-01 11:55:00+05:30,1308.199951171875,1308.199951171875,1306.9000244140625,1307.4000244140625,53539
2026-07-01 12:00:00+05:30,1308.0,1308.199951171875,1307.5,1308.199951171875,55821
2026-07-01 12:05:00+05:30,1310.199951171875,1310.5,1307.300048828125,1308.0,209011
2026-07-01 12:10:00+05:30,1309.300048828125,1310.5,1308.9000244140625,1310.300048828125,119398
2026-07-01 12:15:00+05:30,1308.0,1309.800048828125,1307.0999755859375,1309.199951171875,100604
2026-07-01 12:20:00+05:30,1309.9000244140625,1309.9000244140625,1308.0,1308.0,172621
2026-07-01 12:25:00+05:30,1307.300048828125,1310.0,1307.0,1309.9000244140625,74301
2026-07-01 12:30:00+05:30,1310.199951171875,1310.800048828125,1307.300048828125,1307.5,93841
2026-07-01 12:35:00+05:30,1311.5,1311.800048828125,1310.0,1310.0999755859375,83838
2026-07-01 12:40:00+05:30,1310.0,1311.5,1309.9000244140625,1311.5,64376
2026-07-01 12:45:00+05:30,1308.800048828125,1310.0,1308.5999755859375,1310.0,61460
2026-07-01 12:50:00+05:30,1308.300048828125,1309.4000244140625,1308.300048828125,1309.0,40277
2026-07-01 12:55:00+05:30,1308.4000244140625,1308.5999755859375,1308.199951171875,1308.5,17581
2026-07-01 13:00:00+05:30,1307.800048828125,1308.9000244140625,1307.5,1308.5,42707
2026-07-01 13:05:00+05:30,1308.199951171875,1308.199951171875,1307.5,1307.800048828125,24406
2026-07-01 13:10:00+05:30,1308.0,1308.4000244140625,1307.699951171875,1308.4000244140625,17176
2026-07-01 13:15:00+05:30,1309.0999755859375,1309.300048828125,1307.800048828125,1307.9000244140625,58336
2026-07-01 13:20:00+05:30,1308.300048828125,1309.199951171875,1308.0999755859375,1309.0999755859375,16259
2026-07-01 13:25:00+05:30,1308.699951171875,1308.699951171875,1308.0,1308.199951171875,45939
2026-07-01 13:30:00+05:30,1308.5,1309.0999755859375,1308.0,1308.5999755859375,83455
2026-07-01 13:35:00+05:30,1311.199951171875,1311.800048828125,1308.4000244140625,1308.4000244140625,116039
2026-07-01 13:40:00+05:30,1310.5,1311.5,1309.199951171875,1311.199951171875,68137
2026-07-01 13:45:00+05:30,1310.199951171875,1310.699951171875,1310.0,1310.5,45087
2026-07-01 13:50:00+05:30,1309.199951171875,1310.4000244140625,1309.0,1310.0,28459
2026-07-01 13:55:00+05:30,1310.0,1310.0999755859375,1309.0,1309.199951171875,23421
2026-07-01 14:00:00+05:30,1311.0,1311.5,1309.699951171875,1309.9000244140625,97946
2026-07-01 14:05:00+05:30,1310.4000244140625,1311.300048828125,1310.0,1311.199951171875,28783
2026-07-01 14:10:00+05:30,1310.0,1310.5,1310.0,1310.4000244140625,28490
2026-07-01 14:15:00+05:30,1310.199951171875,1310.300048828125,1309.199951171875,1310.199951171875,41358
2026-07-01 14:20:00+05:30,1309.800048828125,1310.199951171875,1309.5,1310.0999755859375,31507
2026-07-01 14:25:00+05:30,1310.0,1310.5,1309.5999755859375,1309.800048828125,50674
2026-07-01 14:30:00+05:30,1310.300048828125,1310.9000244140625,1309.9000244140625,1310.0,31794
2026-07-01 14:35:00+05:30,1310.0,1310.9000244140625,1310.0,1310.5999755859375,64245
2026-07-01 14:40:00+05:30,1310.5,1310.5,1309.0999755859375,1310.0,124357
2026-07-01 14:45:00+05:30,1309.5,1310.800048828125,1309.5,1310.4000244140625,39377
2026-07-01 14:50:00+05:30,1310.0,1310.300048828125,1309.5999755859375,1309.699951171875,38482
2026-07-01 14:55:00+05:30,1309.5,1310.0,1309.5,1309.9000244140625,44534
2026-07-01 15:00:00+05:30,1308.800048828125,1310.0,1308.699951171875,1309.800048828125,178361
2026-07-01 15:05:00+05:30,1308.800048828125,1309.0,1307.4000244140625,1308.699951171875,184590
2026-07-01 15:10:00+05:30,1308.5,1308.9000244140625,1308.5,1308.699951171875,157272
2026-07-01 15:15:00+05:30,1307.0,1308.699951171875,1307.0,1308.5,176080
2026-07-01 15:20:00+05:30,1308.0999755859375,1308.4000244140625,1306.5,1307.0,199881
2026-07-01 15:25:00+05:30,1306.5,1308.300048828125,1306.0999755859375,1308.0,186187
2026-07-02 09:15:00+05:30,1307.9000244140625,1311.0999755859375,1305.5999755859375,1310.0,0
2026-07-02 09:20:00+05:30,1310.5999755859375,1311.4000244140625,1307.800048828125,1308.0,175798
2026-07-02 09:25:00+05:30,1308.699951171875,1312.4000244140625,1308.699951171875,1310.5,110507
2026-07-02 09:30:00+05:30,1310.0999755859375,1310.9000244140625,1308.699951171875,1309.0,156242
2026-07-02 09:35:00+05:30,1311.800048828125,1311.800048828125,1309.699951171875,1310.199951171875,92974
2026-07-02 09:40:00+05:30,1312.199951171875,1313.0,1311.199951171875,1312.0,160476
2026-07-02 09:45:00+05:30,1310.5999755859375,1312.0,1310.199951171875,1312.0,84686
2026-07-02 09:50:00+05:30,1308.5,1310.800048828125,1308.0,1310.800048828125,118413
2026-07-02 09:55:00+05:30,1309.300048828125,1309.5999755859375,1308.5,1308.5,73614
2026-07-02 10:00:00+05:30,1305.300048828125,1309.300048828125,1304.300048828125,1309.199951171875,285609
2026-07-02 10:05:00+05:30,1306.199951171875,1306.300048828125,1304.0999755859375,1305.300048828125,130138
2026-07-02 10:10:00+05:30,1305.0,1307.0,1305.0,1306.199951171875,126991
2026-07-02 10:15:00+05:30,1303.699951171875,1305.0,1303.0999755859375,1305.0,151402
2026-07-02 10:20:00+05:30,1303.5,1304.4000244140625,1302.5999755859375,1303.4000244140625,236660
2026-07-02 10:25:00+05:30,1304.0,1304.699951171875,1302.699951171875,1303.5,134060
2026-07-02 10:30:00+05:30,1302.800048828125,1304.5,1302.5,1304.4000244140625,145454
2026-07-02 10:35:00+05:30,1303.800048828125,1303.9000244140625,1302.699951171875,1303.199951171875,62235
2026-07-02 10:40:00+05:30,1303.5,1303.800048828125,1302.699951171875,1303.699951171875,125320
2026-07-02 10:45:00+05:30,1303.0999755859375,1303.9000244140625,1302.4000244140625,1303.4000244140625,105528
2026-07-02 10:50:00+05:30,1301.0,1304.300048828125,1301.0,1303.4000244140625,368449
2026-07-02 10:55:00+05:30,1302.0,1303.9000244140625,1300.5,1301.0999755859375,1271286
2026-07-02 11:00:00+05:30,1304.0,1304.0999755859375,1301.9000244140625,1302.0,185241
2026-07-02 11:05:00+05:30,1303.9000244140625,1305.800048828125,1303.699951171875,1304.0,298760
2026-07-02 11:10:00+05:30,1303.800048828125,1304.0999755859375,1303.4000244140625,1303.9000244140625,79815
2026-07-02 11:15:00+05:30,1304.300048828125,1304.300048828125,1303.4000244140625,1303.9000244140625,196082
2026-07-02 11:20:00+05:30,1304.0,1305.0,1302.699951171875,1303.699951171875,489263
2026-07-02 11:25:00+05:30,1301.5999755859375,1304.699951171875,1301.199951171875,1303.800048828125,526701
2026-07-02 11:30:00+05:30,1300.5999755859375,1301.699951171875,1299.4000244140625,1301.5999755859375,429838
2026-07-02 11:35:00+05:30,1302.199951171875,1303.0,1299.800048828125,1300.699951171875,106559
2026-07-02 11:40:00+05:30,1303.0,1303.0,1300.699951171875,1302.300048828125,107882
2026-07-02 11:45:00+05:30,1302.800048828125,1304.0,1302.300048828125,1303.0,480042
2026-07-02 11:50:00+05:30,1302.199951171875,1303.0,1302.199951171875,1302.9000244140625,96485
2026-07-02 11:55:00+05:30,1303.5999755859375,1304.300048828125,1302.300048828125,1302.300048828125,414133
2026-07-02 12:00:00+05:30,1302.800048828125,1304.199951171875,1302.699951171875,1303.5999755859375,229687
2026-07-02 12:05:00+05:30,1303.4000244140625,1304.5999755859375,1302.9000244140625,1303.0,396521
2026-07-02 12:10:00+05:30,1304.199951171875,1304.300048828125,1303.4000244140625,1303.9000244140625,251466
2026-07-02 12:15:00+05:30,1303.699951171875,1304.4000244140625,1303.300048828125,1304.0,312925
2026-07-02 12:20:00+05:30,1304.0,1304.5,1303.5,1303.699951171875,460726
2026-07-02 12:25:00+05:30,1304.199951171875,1304.4000244140625,1303.5999755859375,1304.0999755859375,181147
2026-07-02 12:30:00+05:30,1303.4000244140625,1304.199951171875,1303.0999755859375,1304.199951171875,179777
2026-07-02 12:35:00+05:30,1303.9000244140625,1304.0,1303.300048828125,1303.300048828125,72251
2026-07-02 12:40:00+05:30,1303.300048828125,1304.0,1302.5999755859375,1303.800048828125,185223
2026-07-02 12:45:00+05:30,1303.300048828125,1303.800048828125,1302.5,1303.199951171875,123635
2026-07-02 12:50:00+05:30,1303.5,1304.0999755859375,1302.699951171875,1303.300048828125,102336
2026-07-02 12:55:00+05:30,1303.699951171875,1304.0,1303.0999755859375,1303.5,156620
2026-07-02 13:00:00+05:30,1303.9000244140625,1304.0999755859375,1302.800048828125,1303.800048828125,213078
2026-07-02 13:05:00+05:30,1303.800048828125,1304.300048828125,1303.699951171875,1304.0,122860
2026-07-02 13:10:00+05:30,1304.4000244140625,1304.4000244140625,1303.800048828125,1303.9000244140625,132305
2026-07-02 13:15:00+05:30,1303.9000244140625,1304.5,1303.199951171875,1304.0,212165
2026-07-02 13:20:00+05:30,1304.300048828125,1304.5,1303.4000244140625,1304.199951171875,229809
2026-07-02 13:25:00+05:30,1304.199951171875,1304.699951171875,1303.699951171875,1304.0999755859375,381254
2026-07-02 13:30:00+05:30,1303.800048828125,1304.4000244140625,1303.4000244140625,1304.0999755859375,302419
2026-07-02 13:35:00+05:30,1305.0999755859375,1307.0,1303.4000244140625,1303.5,198135
2026-07-02 13:40:00+05:30,1303.9000244140625,1305.4000244140625,1303.800048828125,1305.0999755859375,127402
2026-07-02 13:45:00+05:30,1303.800048828125,1304.699951171875,1303.800048828125,1303.800048828125,165186
2026-07-02 13:50:00+05:30,1303.699951171875,1304.9000244140625,1303.5999755859375,1303.800048828125,123804
2026-07-02 13:55:00+05:30,1303.699951171875,1304.0999755859375,1303.4000244140625,1303.9000244140625,104300
2026-07-02 14:00:00+05:30,1303.699951171875,1304.199951171875,1303.199951171875,1303.800048828125,126801
2026-07-02 14:05:00+05:30,1304.0,1304.5,1303.699951171875,1304.0,136676
2026-07-02 14:10:00+05:30,1303.9000244140625,1304.5999755859375,1303.800048828125,1304.0,167256
2026-07-02 14:15:00+05:30,1303.699951171875,1304.5,1303.5999755859375,1303.9000244140625,177487
2026-07-02 14:20:00+05:30,1303.800048828125,1304.5,1303.5,1303.699951171875,112029
2026-07-02 14:25:00+05:30,1303.300048828125,1304.0,1303.300048828125,1303.9000244140625,146550
2026-07-02 14:30:00+05:30,1303.5,1304.0,1303.300048828125,1303.300048828125,97692
2026-07-02 14:35:00+05:30,1303.5999755859375,1304.0999755859375,1303.300048828125,1304.0,106868
2026-07-02 14:40:00+05:30,1303.800048828125,1304.300048828125,1303.5999755859375,1303.800048828125,130659
2026-07-02 14:45:00+05:30,1303.699951171875,1304.800048828125,1303.5999755859375,1303.800048828125,267963
2026-07-02 14:50:00+05:30,1303.5,1304.199951171875,1303.5,1303.699951171875,162961
2026-07-02 14:55:00+05:30,1303.0999755859375,1303.800048828125,1302.9000244140625,1303.5,147340
2026-07-02 15:00:00+05:30,1304.0,1305.300048828125,1303.199951171875,1303.199951171875,716754
2026-07-02 15:05:00+05:30,1304.0,1305.699951171875,1303.0999755859375,1304.0,1027377
2026-07-02 15:10:00+05:30,1303.800048828125,1304.0,1303.5,1304.0,338090
2026-07-02 15:15:00+05:30,1301.699951171875,1303.800048828125,1301.699951171875,1303.800048828125,345814
2026-07-02 15:20:00+05:30,1302.199951171875,1303.0999755859375,1301.300048828125,1302.300048828125,421506
2026-07-02 15:25:00+05:30,1301.9000244140625,1302.5,1301.0,1302.300048828125,343523
2026-07-03 09:15:00+05:30,1306.4000244140625,1312.0,1306.0,1312.0,0
2026-07-03 09:20:00+05:30,1307.0,1308.5999755859375,1306.300048828125,1306.5,92610
2026-07-03 09:25:00+05:30,1306.800048828125,1307.9000244140625,1306.5999755859375,1307.0,59001
2026-07-03 09:30:00+05:30,1309.199951171875,1309.9000244140625,1306.800048828125,1307.300048828125,107163
2026-07-03 09:35:00+05:30,1308.4000244140625,1309.0999755859375,1307.9000244140625,1309.0999755859375,33666
2026-07-03 09:40:00+05:30,1306.800048828125,1308.5999755859375,1306.800048828125,1308.300048828125,77109
2026-07-03 09:45:00+05:30,1307.0,1308.0999755859375,1306.5999755859375,1306.800048828125,52871
2026-07-03 09:50:00+05:30,1306.199951171875,1307.5999755859375,1306.0999755859375,1307.0999755859375,55889
2026-07-03 09:55:00+05:30,1307.0,1307.0,1305.199951171875,1306.0,81434
2026-07-03 10:00:00+05:30,1304.4000244140625,1307.199951171875,1304.199951171875,1306.800048828125,119648
2026-07-03 10:05:00+05:30,1306.199951171875,1306.5999755859375,1304.0999755859375,1304.4000244140625,144724
2026-07-03 10:10:00+05:30,1305.0999755859375,1306.300048828125,1305.0,1306.199951171875,48223
2026-07-03 10:15:00+05:30,1304.800048828125,1305.5,1304.5,1305.0999755859375,43555
2026-07-03 10:20:00+05:30,1304.0,1304.699951171875,1303.699951171875,1304.5,87199
2026-07-03 10:25:00+05:30,1304.5999755859375,1304.800048828125,1303.5,1304.0,98888
2026-07-03 10:30:00+05:30,1305.199951171875,1305.5,1304.300048828125,1304.300048828125,66273
2026-07-03 10:35:00+05:30,1304.199951171875,1305.5,1304.199951171875,1305.199951171875,59352
2026-07-03 10:40:00+05:30,1303.5,1304.5,1303.300048828125,1304.0999755859375,52747
2026-07-03 10:45:00+05:30,1303.800048828125,1305.199951171875,1303.0999755859375,1303.4000244140625,169001
2026-07-03 10:50:00+05:30,1303.5,1304.0,1303.5,1304.0,41865
2026-07-03 10:55:00+05:30,1303.300048828125,1304.9000244140625,1302.5999755859375,1303.5,138128
2026-07-03 11:00:00+05:30,1304.0999755859375,1304.4000244140625,1303.0,1303.300048828125,58533
2026-07-03 11:05:00+05:30,1303.0,1304.5,1303.0,1304.199951171875,124071
2026-07-03 11:10:00+05:30,1302.5,1303.300048828125,1302.0999755859375,1303.0999755859375,64379
2026-07-03 11:15:00+05:30,1302.800048828125,1303.199951171875,1302.5,1302.5999755859375,82744
2026-07-03 11:20:00+05:30,1303.199951171875,1303.9000244140625,1302.0,1302.5,97260
2026-07-03 11:25:00+05:30,1303.5,1304.300048828125,1303.0,1303.300048828125,121542
2026-07-03 11:30:00+05:30,1303.9000244140625,1304.300048828125,1302.9000244140625,1303.5,147520
2026-07-03 11:35:00+05:30,1305.699951171875,1305.699951171875,1303.699951171875,1304.0,229504
2026-07-03 11:40:00+05:30,1305.5999755859375,1306.9000244140625,1305.199951171875,1305.699951171875,112227
2026-07-03 11:45:00+05:30,1306.4000244140625,1307.0,1305.0,1305.5999755859375,69897
2026-07-03 11:50:00+05:30,1307.0,1307.300048828125,1306.0,1306.5999755859375,86555
2026-07-03 11:55:00+05:30,1309.300048828125,1310.0,1306.699951171875,1307.199951171875,306552
2026-07-03 12:00:00+05:30,1308.5999755859375,1309.4000244140625,1307.699951171875,1309.300048828125,125949
2026-07-03 12:05:00+05:30,1306.0999755859375,1308.9000244140625,1306.0,1308.800048828125,117698
2026-07-03 12:10:00+05:30,1307.0,1307.699951171875,1305.4000244140625,1306.300048828125,280071
2026-07-03 12:15:00+05:30,1305.5,1307.300048828125,1304.800048828125,1307.0,94951
2026-07-03 12:20:00+05:30,1304.4000244140625,1306.0,1304.0999755859375,1305.5,119433
2026-07-03 12:25:00+05:30,1303.4000244140625,1304.5999755859375,1303.0,1304.4000244140625,95189
2026-07-03 12:30:00+05:30,1303.300048828125,1304.0999755859375,1303.199951171875,1303.5,55823
2026-07-03 12:35:00+05:30,1303.800048828125,1304.9000244140625,1303.0999755859375,1303.300048828125,56228
2026-07-03 12:40:00+05:30,1303.199951171875,1304.0999755859375,1303.199951171875,1303.800048828125,57026
2026-07-03 12:45:00+05:30,1304.199951171875,1305.0,1303.199951171875,1303.199951171875,173403
2026-07-03 12:50:00+05:30,1304.199951171875,1304.5999755859375,1304.0,1304.5,31298
2026-07-03 12:55:00+05:30,1304.4000244140625,1304.699951171875,1304.0,1304.0999755859375,57904
2026-07-03 13:00:00+05:30,1304.0999755859375,1304.5999755859375,1304.0,1304.0,59671
2026-07-03 13:05:00+05:30,1304.199951171875,1305.0,1304.0,1304.0,57250
2026-07-03 13:10:00+05:30,1303.5999755859375,1304.4000244140625,1303.0,1304.0,62505
2026-07-03 13:15:00+05:30,1304.0,1304.199951171875,1303.300048828125,1303.5999755859375,47464
2026-07-03 13:20:00+05:30,1303.5999755859375,1304.199951171875,1303.5,1304.0,47992
2026-07-03 13:25:00+05:30,1303.5999755859375,1304.0,1303.0,1303.5999755859375,127298
2026-07-03 13:30:00+05:30,1303.0999755859375,1303.800048828125,1303.0,1303.5,67935
2026-07-03 13:35:00+05:30,1303.4000244140625,1304.0,1302.4000244140625,1303.199951171875,137873
2026-07-03 13:40:00+05:30,1304.9000244140625,1304.9000244140625,1303.300048828125,1303.4000244140625,56961
2026-07-03 13:45:00+05:30,1305.0,1305.0,1303.5,1305.0,118511
2026-07-03 13:50:00+05:30,1304.699951171875,1305.4000244140625,1304.5,1304.800048828125,124488
2026-07-03 13:55:00+05:30,1304.5999755859375,1305.300048828125,1304.199951171875,1304.9000244140625,47120
2026-07-03 14:00:00+05:30,1304.699951171875,1305.0,1304.5,1304.699951171875,33029
2026-07-03 14:05:00+05:30,1306.0999755859375,1306.5,1304.5,1304.699951171875,126100
2026-07-03 14:10:00+05:30,1306.0999755859375,1306.4000244140625,1306.0,1306.300048828125,50332
2026-07-03 14:15:00+05:30,1306.0,1306.300048828125,1304.800048828125,1306.0,110553
2026-07-03 14:20:00+05:30,1306.0,1306.300048828125,1305.5,1306.0999755859375,60866
2026-07-03 14:25:00+05:30,1305.5,1306.0,1305.5,1306.0,66731
2026-07-03 14:30:00+05:30,1304.699951171875,1306.199951171875,1304.699951171875,1305.5999755859375,145216
2026-07-03 14:35:00+05:30,1305.0,1305.800048828125,1304.0999755859375,1304.699951171875,132067
2026-07-03 14:40:00+05:30,1304.0999755859375,1305.300048828125,1304.0999755859375,1305.0999755859375,83383
2026-07-03 14:45:00+05:30,1304.199951171875,1304.9000244140625,1304.0999755859375,1304.699951171875,78004
2026-07-03 14:50:00+05:30,1303.699951171875,1304.5,1303.300048828125,1304.300048828125,71341
2026-07-03 14:55:00+05:30,1303.4000244140625,1304.0,1303.0999755859375,1303.5999755859375,54688
2026-07-03 15:00:00+05:30,1303.9000244140625,1304.0999755859375,1303.5,1303.5,108263
2026-07-03 15:05:00+05:30,1303.9000244140625,1304.300048828125,1303.5999755859375,1303.800048828125,324748
2026-07-03 15:10:00+05:30,1303.800048828125,1304.0,1303.699951171875,1303.800048828125,110727
2026-07-03 15:15:00+05:30,1304.5,1304.5,1303.699951171875,1303.9000244140625,172324
2026-07-03 15:20:00+05:30,1303.5,1304.5,1303.5,1304.300048828125,152354
2026-07-03 15:25:00+05:30,1305.199951171875,1305.199951171875,1302.5,1303.699951171875,212135
2026-07-06 09:15:00+05:30,1302.199951171875,1305.800048828125,1301.5,1304.699951171875,0
2026-07-06 09:20:00+05:30,1301.699951171875,1302.5,1299.699951171875,1301.9000244140625,141672
2026-07-06 09:25:00+05:30,1300.699951171875,1303.199951171875,1300.0999755859375,1301.5999755859375,86483
2026-07-06 09:30:00+05:30,1303.0,1303.0,1301.199951171875,1301.199951171875,63869
2026-07-06 09:35:00+05:30,1303.300048828125,1304.0999755859375,1303.0,1303.0,49676
2026-07-06 09:40:00+05:30,1302.199951171875,1303.9000244140625,1301.9000244140625,1303.9000244140625,47320
2026-07-06 09:45:00+05:30,1303.0999755859375,1304.5999755859375,1302.199951171875,1302.199951171875,81949
2026-07-06 09:50:00+05:30,1302.699951171875,1303.199951171875,1302.300048828125,1303.0999755859375,46775
2026-07-06 09:55:00+05:30,1303.0,1303.300048828125,1302.699951171875,1303.0,34617
2026-07-06 10:00:00+05:30,1302.5,1303.199951171875,1302.199951171875,1303.0,40448
2026-07-06 10:05:00+05:30,1303.0,1303.0999755859375,1302.199951171875,1302.199951171875,60286
2026-07-06 10:10:00+05:30,1303.300048828125,1303.300048828125,1301.5,1302.9000244140625,99268
2026-07-06 10:15:00+05:30,1304.5,1304.5999755859375,1303.199951171875,1303.300048828125,81591
2026-07-06 10:20:00+05:30,1306.699951171875,1307.5,1304.5,1304.5,188474
2026-07-06 10:25:00+05:30,1309.199951171875,1309.800048828125,1306.300048828125,1306.5999755859375,153483
2026-07-06 10:30:00+05:30,1310.699951171875,1311.0,1308.9000244140625,1309.0999755859375,166718
2026-07-06 10:35:00+05:30,1308.800048828125,1311.0,1308.5,1310.5999755859375,75293
2026-07-06 10:40:00+05:30,1308.699951171875,1309.0999755859375,1308.300048828125,1308.800048828125,53211
2026-07-06 10:45:00+05:30,1310.0,1310.4000244140625,1308.0999755859375,1308.5999755859375,107932
2026-07-06 10:50:00+05:30,1319.699951171875,1319.699951171875,1310.0,1310.0,421459
2026-07-06 10:55:00+05:30,1322.699951171875,1325.5,1318.699951171875,1319.800048828125,560201
2026-07-06 11:00:00+05:30,1321.199951171875,1325.0,1320.0,1322.9000244140625,182082
2026-07-06 11:05:00+05:30,1320.199951171875,1321.5999755859375,1319.9000244140625,1321.4000244140625,100078
2026-07-06 11:10:00+05:30,1321.300048828125,1321.5999755859375,1318.699951171875,1320.199951171875,126617
2026-07-06 11:15:00+05:30,1318.0999755859375,1321.199951171875,1318.0,1321.199951171875,58391
2026-07-06 11:20:00+05:30,1319.9000244140625,1320.0,1317.4000244140625,1318.4000244140625,85852
2026-07-06 11:25:00+05:30,1321.5,1321.5,1317.800048828125,1319.9000244140625,95373
2026-07-06 11:30:00+05:30,1322.0999755859375,1323.699951171875,1321.199951171875,1321.5,102467
2026-07-06 11:35:00+05:30,1320.800048828125,1322.4000244140625,1320.300048828125,1322.4000244140625,48722
2026-07-06 11:40:00+05:30,1322.9000244140625,1323.5,1320.699951171875,1320.800048828125,81295
2026-07-06 11:45:00+05:30,1322.5,1323.199951171875,1322.300048828125,1323.0,68480
2026-07-06 11:50:00+05:30,1321.4000244140625,1322.800048828125,1320.199951171875,1322.699951171875,62886
2026-07-06 11:55:00+05:30,1321.5,1322.0,1320.5,1321.300048828125,36841
2026-07-06 12:00:00+05:30,1320.699951171875,1321.699951171875,1320.199951171875,1321.5,30173
2026-07-06 12:05:00+05:30,1321.300048828125,1321.4000244140625,1320.300048828125,1320.5999755859375,36994
2026-07-06 12:10:00+05:30,1322.5,1322.5,1321.199951171875,1321.5,35780
2026-07-06 12:15:00+05:30,1322.0,1322.699951171875,1321.0999755859375,1322.5,38681
2026-07-06 12:20:00+05:30,1322.9000244140625,1323.0,1321.9000244140625,1322.0,56082
2026-07-06 12:25:00+05:30,1322.4000244140625,1322.9000244140625,1321.199951171875,1322.9000244140625,45221
2026-07-06 12:30:00+05:30,1324.0,1324.9000244140625,1322.4000244140625,1322.4000244140625,134031
2026-07-06 12:35:00+05:30,1324.0,1325.300048828125,1323.800048828125,1324.300048828125,228951
2026-07-06 12:40:00+05:30,1323.800048828125,1324.699951171875,1322.199951171875,1324.199951171875,52289
2026-07-06 12:45:00+05:30,1322.0999755859375,1324.0,1321.5,1323.800048828125,49209
2026-07-06 12:50:00+05:30,1321.5999755859375,1323.0,1320.9000244140625,1322.0999755859375,60376
2026-07-06 12:55:00+05:30,1320.9000244140625,1322.9000244140625,1319.199951171875,1321.800048828125,142396
2026-07-06 13:00:00+05:30,1322.699951171875,1322.699951171875,1320.0,1321.199951171875,31759
2026-07-06 13:05:00+05:30,1323.300048828125,1323.5999755859375,1322.0999755859375,1322.699951171875,54728
2026-07-06 13:10:00+05:30,1323.0999755859375,1323.800048828125,1323.0,1323.5999755859375,63857
2026-07-06 13:15:00+05:30,1323.0999755859375,1323.800048828125,1322.5999755859375,1323.0,39489
2026-07-06 13:20:00+05:30,1321.9000244140625,1323.199951171875,1321.4000244140625,1323.199951171875,39060
2026-07-06 13:25:00+05:30,1321.4000244140625,1322.0,1320.5999755859375,1321.800048828125,67986
2026-07-06 13:30:00+05:30,1321.9000244140625,1322.0,1321.199951171875,1321.4000244140625,25782
2026-07-06 13:35:00+05:30,1323.5,1323.9000244140625,1321.5999755859375,1321.9000244140625,127721
2026-07-06 13:40:00+05:30,1322.0,1324.4000244140625,1322.0,1323.5999755859375,180445
2026-07-06 13:45:00+05:30,1322.0,1322.199951171875,1321.4000244140625,1322.199951171875,42273
2026-07-06 13:50:00+05:30,1320.300048828125,1322.4000244140625,1320.0,1322.0,67966
2026-07-06 13:55:00+05:30,1319.4000244140625,1320.699951171875,1319.0,1320.300048828125,68713
2026-07-06 14:00:00+05:30,1319.5,1319.5999755859375,1318.4000244140625,1319.199951171875,79306
2026-07-06 14:05:00+05:30,1319.0,1320.5999755859375,1318.5,1319.5,138742
2026-07-06 14:10:00+05:30,1318.5,1319.699951171875,1318.0999755859375,1319.0999755859375,63167
2026-07-06 14:15:00+05:30,1318.5,1319.5999755859375,1318.0,1318.5,37937
2026-07-06 14:20:00+05:30,1319.699951171875,1320.0,1317.5999755859375,1318.300048828125,79701
2026-07-06 14:25:00+05:30,1319.9000244140625,1320.5999755859375,1319.4000244140625,1319.9000244140625,61324
2026-07-06 14:30:00+05:30,1318.9000244140625,1319.9000244140625,1318.5,1319.9000244140625,27075
2026-07-06 14:35:00+05:30,1319.5999755859375,1320.4000244140625,1318.9000244140625,1319.0,47694
2026-07-06 14:40:00+05:30,1318.199951171875,1319.5,1317.5999755859375,1319.5,83486
2026-07-06 14:45:00+05:30,1317.4000244140625,1318.800048828125,1317.4000244140625,1318.0999755859375,53367
2026-07-06 14:50:00+05:30,1319.5,1320.199951171875,1317.4000244140625,1317.4000244140625,125636
2026-07-06 14:55:00+05:30,1318.0999755859375,1319.5,1318.0999755859375,1319.4000244140625,52255
2026-07-06 15:00:00+05:30,1320.4000244140625,1320.5,1318.0999755859375,1318.0999755859375,165673
2026-07-06 15:05:00+05:30,1320.9000244140625,1321.199951171875,1320.0,1320.5,169864
2026-07-06 15:10:00+05:30,1321.800048828125,1322.300048828125,1320.800048828125,1320.800048828125,184482
2026-07-06 15:15:00+05:30,1321.5,1322.300048828125,1321.0,1321.9000244140625,173621
2026-07-06 15:20:00+05:30,1322.0,1322.0,1321.0999755859375,1321.5,169935
2026-07-06 15:25:00+05:30,1321.300048828125,1322.0,1320.699951171875,1322.0,201658
2026-07-07 09:15:00+05:30,1321.5,1327.9000244140625,1321.5,1324.9000244140625,0
2026-07-07 09:20:00+05:30,1319.5,1322.5,1318.5,1321.800048828125,117501
2026-07-07 09:25:00+05:30,1316.5999755859375,1319.4000244140625,1315.4000244140625,1319.4000244140625,109820
2026-07-07 09:30:00+05:30,1315.800048828125,1316.9000244140625,1315.5999755859375,1316.5999755859375,80130
2026-07-07 09:35:00+05:30,1317.0,1319.800048828125,1315.0999755859375,1315.800048828125,130768
2026-07-07 09:40:00+05:30,1318.699951171875,1320.5999755859375,1317.0,1317.300048828125,135792
2026-07-07 09:45:00+05:30,1319.5999755859375,1319.800048828125,1317.800048828125,1319.0,71777
2026-07-07 09:50:00+05:30,1320.300048828125,1320.800048828125,1319.4000244140625,1319.699951171875,75740
2026-07-07 09:55:00+05:30,1319.800048828125,1321.0,1319.199951171875,1320.4000244140625,59978
2026-07-07 10:00:00+05:30,1320.699951171875,1321.5,1318.699951171875,1319.5999755859375,93505
2026-07-07 10:05:00+05:30,1320.800048828125,1321.0,1319.300048828125,1320.699951171875,74228
2026-07-07 10:10:00+05:30,1320.800048828125,1322.300048828125,1320.300048828125,1320.5999755859375,88178
2026-07-07 10:15:00+05:30,1319.9000244140625,1320.800048828125,1319.199951171875,1320.699951171875,59208
2026-07-07 10:20:00+05:30,1318.0,1319.9000244140625,1317.199951171875,1319.9000244140625,95465
2026-07-07 10:25:00+05:30,1318.9000244140625,1319.4000244140625,1316.9000244140625,1318.0,235127
2026-07-07 10:30:00+05:30,1321.4000244140625,1321.5,1317.9000244140625,1319.300048828125,97120
2026-07-07 10:35:00+05:30,1320.300048828125,1322.0,1319.9000244140625,1321.4000244140625,62713
2026-07-07 10:40:00+05:30,1319.5999755859375,1322.0,1319.4000244140625,1320.199951171875,155056
2026-07-07 10:45:00+05:30,1319.9000244140625,1320.699951171875,1319.0,1319.699951171875,172221
2026-07-07 10:50:00+05:30,1320.0,1320.300048828125,1318.5,1319.9000244140625,126706
2026-07-07 10:55:00+05:30,1318.5,1320.0999755859375,1318.199951171875,1320.0999755859375,123751
2026-07-07 11:00:00+05:30,1318.800048828125,1320.0,1318.0999755859375,1318.5,206048
2026-07-07 11:05:00+05:30,1318.199951171875,1319.300048828125,1317.800048828125,1318.800048828125,127137
2026-07-07 11:10:00+05:30,1319.699951171875,1320.0,1318.199951171875,1318.199951171875,264483
2026-07-07 11:15:00+05:30,1316.5999755859375,1320.0,1316.5,1319.5,232170
2026-07-07 11:20:00+05:30,1316.9000244140625,1318.0,1316.300048828125,1317.0,190188
2026-07-07 11:25:00+05:30,1316.5,1318.699951171875,1315.0,1317.0,188839
2026-07-07 11:30:00+05:30,1317.0999755859375,1317.5999755859375,1316.199951171875,1316.5,61014
2026-07-07 11:35:00+05:30,1316.199951171875,1317.300048828125,1315.5,1317.0999755859375,166673
2026-07-07 11:40:00+05:30,1312.4000244140625,1316.5,1312.0999755859375,1316.199951171875,295843
2026-07-07 11:45:00+05:30,1313.5,1314.0999755859375,1311.9000244140625,1312.0,336170
2026-07-07 11:50:00+05:30,1313.5999755859375,1314.9000244140625,1313.199951171875,1313.5,126653
2026-07-07 11:55:00+05:30,1314.4000244140625,1315.0,1313.5,1313.9000244140625,159113
2026-07-07 12:00:00+05:30,1314.0,1315.0999755859375,1313.5,1314.4000244140625,225237
2026-07-07 12:05:00+05:30,1314.0,1314.5999755859375,1313.5,1313.9000244140625,97227
2026-07-07 12:10:00+05:30,1313.5,1314.0999755859375,1311.300048828125,1314.0,224552
2026-07-07 12:15:00+05:30,1313.0,1314.300048828125,1310.4000244140625,1313.5,341041
2026-07-07 12:20:00+05:30,1314.300048828125,1315.5,1312.699951171875,1312.699951171875,185956
2026-07-07 12:25:00+05:30,1314.0999755859375,1314.800048828125,1313.199951171875,1313.800048828125,74391
2026-07-07 12:30:00+05:30,1314.5,1314.9000244140625,1313.0,1314.0,191073
2026-07-07 12:35:00+05:30,1314.699951171875,1315.199951171875,1313.4000244140625,1314.800048828125,306747
2026-07-07 12:40:00+05:30,1315.300048828125,1315.9000244140625,1313.800048828125,1314.5,239817
2026-07-07 12:45:00+05:30,1315.300048828125,1315.9000244140625,1314.699951171875,1315.300048828125,134234
2026-07-07 12:50:00+05:30,1316.0,1316.9000244140625,1314.800048828125,1315.4000244140625,266689
2026-07-07 12:55:00+05:30,1316.5,1316.699951171875,1314.0999755859375,1316.0,294895
2026-07-07 13:00:00+05:30,1315.5,1316.5,1315.0999755859375,1316.0999755859375,135779
2026-07-07 13:05:00+05:30,1314.699951171875,1315.5,1314.5,1315.5,62477
2026-07-07 13:10:00+05:30,1315.4000244140625,1315.9000244140625,1314.5999755859375,1314.699951171875,110471
2026-07-07 13:15:00+05:30,1314.0999755859375,1315.800048828125,1313.4000244140625,1315.800048828125,145979
2026-07-07 13:20:00+05:30,1312.800048828125,1314.0,1312.0999755859375,1313.5999755859375,131324
2026-07-07 13:25:00+05:30,1314.5,1315.4000244140625,1312.800048828125,1313.0,125018
2026-07-07 13:30:00+05:30,1314.0,1315.0,1314.0,1314.5,111492
2026-07-07 13:35:00+05:30,1313.199951171875,1314.5,1312.300048828125,1314.0,159016
2026-07-07 13:40:00+05:30,1313.5999755859375,1314.800048828125,1312.9000244140625,1313.199951171875,161263
2026-07-07 13:45:00+05:30,1313.4000244140625,1315.4000244140625,1313.4000244140625,1313.800048828125,278992
2026-07-07 13:50:00+05:30,1313.0999755859375,1314.199951171875,1312.199951171875,1313.9000244140625,121273
2026-07-07 13:55:00+05:30,1313.4000244140625,1314.4000244140625,1312.5999755859375,1312.5999755859375,189636
2026-07-07 14:00:00+05:30,1313.199951171875,1313.800048828125,1312.0999755859375,1313.4000244140625,137257
2026-07-07 14:05:00+05:30,1314.300048828125,1314.5999755859375,1312.699951171875,1312.699951171875,142646
2026-07-07 14:10:00+05:30,1314.5,1315.199951171875,1313.800048828125,1314.300048828125,112010
2026-07-07 14:15:00+05:30,1314.0,1315.199951171875,1313.300048828125,1314.5,133473
2026-07-07 14:20:00+05:30,1313.699951171875,1314.300048828125,1312.9000244140625,1313.5,172531
2026-07-07 14:25:00+05:30,1313.800048828125,1314.800048828125,1313.5,1313.699951171875,153260
2026-07-07 14:30:00+05:30,1314.4000244140625,1314.800048828125,1313.699951171875,1313.800048828125,102972
2026-07-07 14:35:00+05:30,1315.0999755859375,1315.800048828125,1314.0,1314.199951171875,160670
2026-07-07 14:40:00+05:30,1315.5999755859375,1316.0,1314.0999755859375,1315.300048828125,162918
2026-07-07 14:45:00+05:30,1316.0,1316.199951171875,1314.4000244140625,1315.5999755859375,141664
2026-07-07 14:50:00+05:30,1315.9000244140625,1316.5,1315.0999755859375,1315.699951171875,92231
2026-07-07 14:55:00+05:30,1315.300048828125,1316.9000244140625,1315.0,1315.9000244140625,143939
2026-07-07 15:00:00+05:30,1312.9000244140625,1315.699951171875,1312.5,1315.4000244140625,713103
2026-07-07 15:05:00+05:30,1307.699951171875,1312.800048828125,1307.699951171875,1312.800048828125,794557
2026-07-07 15:10:00+05:30,1307.5999755859375,1308.4000244140625,1307.0,1307.699951171875,378448
2026-07-07 15:15:00+05:30,1306.9000244140625,1307.699951171875,1305.9000244140625,1307.5999755859375,467294
2026-07-07 15:20:00+05:30,1304.800048828125,1306.9000244140625,1304.5999755859375,1306.9000244140625,513478
2026-07-07 15:25:00+05:30,1304.9000244140625,1305.0,1304.4000244140625,1304.800048828125,661370
2026-07-08 09:15:00+05:30,1291.9000244140625,1300.0,1289.199951171875,1298.0,0
2026-07-08 09:20:00+05:30,1282.0,1292.0,1282.0,1292.0,913745
2026-07-08 09:25:00+05:30,1280.0,1282.300048828125,1278.300048828125,1282.0,880264
2026-07-08 09:30:00+05:30,1278.4000244140625,1281.4000244140625,1278.0,1280.0,535534
2026-07-08 09:35:00+05:30,1278.199951171875,1280.0999755859375,1278.0,1278.199951171875,418189
2026-07-08 09:40:00+05:30,1280.9000244140625,1281.699951171875,1277.4000244140625,1278.199951171875,302085
2026-07-08 09:45:00+05:30,1283.199951171875,1283.9000244140625,1280.0,1281.0,248045
2026-07-08 09:50:00+05:30,1285.0,1285.4000244140625,1282.0,1283.5,331801
2026-07-08 09:55:00+05:30,1288.0,1288.5,1284.5,1285.0,454516
2026-07-08 10:00:00+05:30,1288.199951171875,1288.5999755859375,1287.0,1288.0,345969
2026-07-08 10:05:00+05:30,1290.0,1290.699951171875,1286.5999755859375,1288.199951171875,585735
2026-07-08 10:10:00+05:30,1291.0,1292.9000244140625,1290.0,1290.199951171875,210272
2026-07-08 10:15:00+05:30,1292.800048828125,1292.800048828125,1290.5,1290.9000244140625,270515
2026-07-08 10:20:00+05:30,1291.0,1293.0,1290.699951171875,1292.9000244140625,187043
2026-07-08 10:25:00+05:30,1292.800048828125,1293.0999755859375,1290.699951171875,1291.0,154023
2026-07-08 10:30:00+05:30,1291.300048828125,1293.800048828125,1291.0,1293.199951171875,110448
2026-07-08 10:35:00+05:30,1292.199951171875,1292.5999755859375,1290.800048828125,1291.0999755859375,77485
2026-07-08 10:40:00+05:30,1293.0999755859375,1295.300048828125,1291.800048828125,1292.300048828125,244216
2026-07-08 10:45:00+05:30,1292.9000244140625,1293.300048828125,1291.4000244140625,1293.300048828125,123889
2026-07-08 10:50:00+05:30,1292.0999755859375,1293.300048828125,1292.0,1293.0,78855
2026-07-08 10:55:00+05:30,1293.0999755859375,1293.5999755859375,1292.0,1292.0999755859375,115791
2026-07-08 11:00:00+05:30,1292.0999755859375,1293.699951171875,1291.5999755859375,1293.0999755859375,125333
2026-07-08 11:05:00+05:30,1293.199951171875,1293.5,1292.0,1292.0999755859375,65525
2026-07-08 11:10:00+05:30,1292.4000244140625,1293.9000244140625,1292.0,1293.300048828125,57739
2026-07-08 11:15:00+05:30,1292.5,1292.5,1291.9000244140625,1292.4000244140625,104227
2026-07-08 11:20:00+05:30,1292.4000244140625,1292.5999755859375,1291.5,1292.5999755859375,56652
2026-07-08 11:25:00+05:30,1293.0999755859375,1293.4000244140625,1292.5,1292.9000244140625,107790
2026-07-08 11:30:00+05:30,1292.199951171875,1293.4000244140625,1291.800048828125,1293.0999755859375,373302
2026-07-08 11:35:00+05:30,1292.5,1293.0,1292.0,1292.5,66593
2026-07-08 11:40:00+05:30,1293.0,1293.5,1292.0,1292.5999755859375,135532
2026-07-08 11:45:00+05:30,1292.800048828125,1293.199951171875,1292.0,1292.699951171875,163441
2026-07-08 11:50:00+05:30,1293.300048828125,1294.0999755859375,1292.300048828125,1292.800048828125,141232
2026-07-08 11:55:00+05:30,1293.0,1294.199951171875,1292.300048828125,1293.4000244140625,195930
2026-07-08 12:00:00+05:30,1290.5,1293.5,1290.0999755859375,1293.0,117396
2026-07-08 12:05:00+05:30,1290.0,1291.0,1290.0,1290.4000244140625,157942
2026-07-08 12:10:00+05:30,1290.199951171875,1291.199951171875,1290.0,1290.0,164522
2026-07-08 12:15:00+05:30,1291.0,1291.0999755859375,1288.0999755859375,1290.199951171875,249651
2026-07-08 12:20:00+05:30,1288.9000244140625,1291.0999755859375,1288.5,1291.0999755859375,98122
2026-07-08 12:25:00+05:30,1290.199951171875,1291.0,1288.5,1288.5,207361
2026-07-08 12:30:00+05:30,1289.5999755859375,1290.5,1288.9000244140625,1290.0,302727
2026-07-08 12:35:00+05:30,1288.300048828125,1290.0,1288.0999755859375,1289.9000244140625,146268
2026-07-08 12:40:00+05:30,1289.4000244140625,1289.9000244140625,1288.0,1288.5999755859375,75513
2026-07-08 12:45:00+05:30,1289.0,1289.699951171875,1288.5,1289.5,67759
2026-07-08 12:50:00+05:30,1290.5,1291.0999755859375,1289.0,1289.0,117218
2026-07-08 12:55:00+05:30,1290.300048828125,1291.4000244140625,1290.199951171875,1290.9000244140625,77418
2026-07-08 13:00:00+05:30,1290.199951171875,1291.4000244140625,1290.199951171875,1290.300048828125,126689
2026-07-08 13:05:00+05:30,1290.4000244140625,1291.0999755859375,1290.0999755859375,1290.300048828125,74409
2026-07-08 13:10:00+05:30,1290.0999755859375,1291.0,1290.0,1290.4000244140625,115868
2026-07-08 13:15:00+05:30,1291.5999755859375,1291.9000244140625,1290.0,1290.199951171875,73251
2026-07-08 13:20:00+05:30,1291.199951171875,1292.5,1291.0,1291.9000244140625,90921
2026-07-08 13:25:00+05:30,1290.5999755859375,1291.9000244140625,1290.4000244140625,1291.199951171875,95779
2026-07-08 13:30:00+05:30,1290.5,1291.0,1290.0,1290.5999755859375,97505
2026-07-08 13:35:00+05:30,1291.199951171875,1291.9000244140625,1290.5,1290.5999755859375,75267
2026-07-08 13:40:00+05:30,1291.5,1292.199951171875,1291.199951171875,1291.300048828125,79195
2026-07-08 13:45:00+05:30,1287.199951171875,1292.300048828125,1286.0,1291.5999755859375,375000
2026-07-08 13:50:00+05:30,1285.9000244140625,1287.699951171875,1285.0,1287.199951171875,340465
2026-07-08 13:55:00+05:30,1283.199951171875,1286.0,1283.199951171875,1286.0,266764
2026-07-08 14:00:00+05:30,1282.199951171875,1284.0,1281.4000244140625,1283.5,262318
2026-07-08 14:05:00+05:30,1275.699951171875,1282.300048828125,1275.0,1282.0,675139
2026-07-08 14:10:00+05:30,1276.5,1276.5999755859375,1271.5999755859375,1275.5999755859375,464054
2026-07-08 14:15:00+05:30,1276.800048828125,1280.5,1275.4000244140625,1276.4000244140625,459161
2026-07-08 14:20:00+05:30,1276.9000244140625,1278.0,1275.800048828125,1276.800048828125,267668
2026-07-08 14:25:00+05:30,1275.699951171875,1277.9000244140625,1275.5,1277.0,357605
2026-07-08 14:30:00+05:30,1276.5,1278.4000244140625,1275.5,1275.699951171875,299878
2026-07-08 14:35:00+05:30,1273.699951171875,1277.0999755859375,1272.699951171875,1276.5,401961
2026-07-08 14:40:00+05:30,1275.0,1275.4000244140625,1273.300048828125,1274.0,257389
2026-07-08 14:45:00+05:30,1274.5999755859375,1276.0,1273.5,1275.199951171875,167001
2026-07-08 14:50:00+05:30,1274.5,1275.0,1272.5999755859375,1274.699951171875,264905
2026-07-08 14:55:00+05:30,1273.5,1276.0,1273.0,1274.5,275251
2026-07-08 15:00:00+05:30,1275.699951171875,1277.0,1273.300048828125,1273.300048828125,419200
2026-07-08 15:05:00+05:30,1275.800048828125,1276.5999755859375,1275.5999755859375,1275.699951171875,386008
2026-07-08 15:10:00+05:30,1276.0,1276.9000244140625,1275.0,1275.699951171875,360464
2026-07-08 15:15:00+05:30,1276.0,1276.9000244140625,1275.300048828125,1276.0,481945
2026-07-08 15:20:00+05:30,1276.0999755859375,1276.5999755859375,1275.300048828125,1275.9000244140625,378401
2026-07-08 15:25:00+05:30,1274.9000244140625,1276.0999755859375,1274.0,1276.0,460677
2026-07-09 09:15:00+05:30,1279.5,1281.0,1275.0,1278.0,0
2026-07-09 09:20:00+05:30,1283.800048828125,1284.0,1279.0,1279.4000244140625,329923
2026-07-09 09:25:00+05:30,1285.800048828125,1286.5,1282.5,1283.9000244140625,357500
2026-07-09 09:30:00+05:30,1286.199951171875,1286.199951171875,1283.5,1285.699951171875,262466
2026-07-09 09:35:00+05:30,1288.0,1288.5,1284.0,1285.9000244140625,255437
2026-07-09 09:40:00+05:30,1287.9000244140625,1288.199951171875,1285.800048828125,1288.0,164373
2026-07-09 09:45:00+05:30,1288.0999755859375,1290.300048828125,1286.0999755859375,1287.9000244140625,230854
2026-07-09 09:50:00+05:30,1289.9000244140625,1290.0999755859375,1287.699951171875,1288.0999755859375,185707
2026-07-09 09:55:00+05:30,1290.0,1290.300048828125,1288.0999755859375,1289.800048828125,181533
2026-07-09 10:00:00+05:30,1291.5,1292.5,1289.199951171875,1290.0,350054
2026-07-09 10:05:00+05:30,1291.4000244140625,1292.0,1290.199951171875,1291.199951171875,223314
2026-07-09 10:10:00+05:30,1288.5,1291.5,1287.9000244140625,1291.5,155921
2026-07-09 10:15:00+05:30,1287.5,1288.699951171875,1286.800048828125,1288.699951171875,127449
2026-07-09 10:20:00+05:30,1290.800048828125,1291.699951171875,1287.0,1287.0,234975
2026-07-09 10:25:00+05:30,1290.5,1291.5,1290.0,1290.9000244140625,104401
2026-07-09 10:30:00+05:30,1289.800048828125,1291.0,1289.199951171875,1290.4000244140625,118333
2026-07-09 10:35:00+05:30,1290.0,1290.300048828125,1287.0,1289.800048828125,160887
2026-07-09 10:40:00+05:30,1294.300048828125,1296.199951171875,1289.4000244140625,1290.199951171875,467135
2026-07-09 10:45:00+05:30,1291.300048828125,1294.4000244140625,1290.5999755859375,1293.9000244140625,151720
2026-07-09 10:50:00+05:30,1291.0,1292.699951171875,1289.5999755859375,1291.300048828125,214218
2026-07-09 10:55:00+05:30,1289.800048828125,1291.5,1289.5999755859375,1291.0999755859375,76644
2026-07-09 11:00:00+05:30,1290.0,1290.0,1288.0,1289.9000244140625,151820
2026-07-09 11:05:00+05:30,1288.699951171875,1290.300048828125,1288.300048828125,1290.0999755859375,61808
2026-07-09 11:10:00+05:30,1288.5999755859375,1289.0,1287.9000244140625,1288.5999755859375,91752
2026-07-09 11:15:00+05:30,1288.5,1289.199951171875,1287.800048828125,1288.800048828125,84134
2026-07-09 11:20:00+05:30,1290.0,1290.0,1288.0999755859375,1288.5999755859375,106447
2026-07-09 11:25:00+05:30,1290.199951171875,1291.5,1289.199951171875,1289.4000244140625,108062
2026-07-09 11:30:00+05:30,1287.699951171875,1290.5,1287.0999755859375,1290.199951171875,101205
2026-07-09 11:35:00+05:30,1287.4000244140625,1288.0,1286.4000244140625,1287.699951171875,104398
2026-07-09 11:40:00+05:30,1286.5,1287.699951171875,1285.800048828125,1287.4000244140625,266868
2026-07-09 11:45:00+05:30,1285.800048828125,1287.0,1285.0,1286.4000244140625,216746
2026-07-09 11:50:00+05:30,1288.5,1289.0,1285.800048828125,1285.800048828125,112034
2026-07-09 11:55:00+05:30,1288.699951171875,1289.800048828125,1288.199951171875,1288.800048828125,171398
2026-07-09 12:00:00+05:30,1289.300048828125,1289.699951171875,1287.5,1288.699951171875,191329
2026-07-09 12:05:00+05:30,1290.800048828125,1291.5999755859375,1287.9000244140625,1289.300048828125,195215
2026-07-09 12:10:00+05:30,1290.199951171875,1292.0,1290.0999755859375,1290.800048828125,104508
2026-07-09 12:15:00+05:30,1291.0,1291.800048828125,1290.199951171875,1290.5,108220
2026-07-09 12:20:00+05:30,1293.5999755859375,1294.0,1290.5999755859375,1291.0,127998
2026-07-09 12:25:00+05:30,1291.699951171875,1293.9000244140625,1291.0,1293.699951171875,126890
2026-07-09 12:30:00+05:30,1290.199951171875,1291.800048828125,1290.0999755859375,1291.300048828125,84243
2026-07-09 12:35:00+05:30,1288.5,1290.199951171875,1288.199951171875,1290.0999755859375,107781
2026-07-09 12:40:00+05:30,1287.300048828125,1289.0999755859375,1286.9000244140625,1288.699951171875,181974
2026-07-09 12:45:00+05:30,1289.5,1289.9000244140625,1287.199951171875,1287.4000244140625,155981
2026-07-09 12:50:00+05:30,1291.4000244140625,1291.5,1288.5,1289.5,148958
2026-07-09 12:55:00+05:30,1290.800048828125,1291.9000244140625,1290.300048828125,1291.5,136732
2026-07-09 13:00:00+05:30,1291.0,1291.699951171875,1289.699951171875,1290.800048828125,173306
2026-07-09 13:05:00+05:30,1291.0999755859375,1291.4000244140625,1288.800048828125,1291.0999755859375,183330
2026-07-09 13:10:00+05:30,1291.199951171875,1291.9000244140625,1290.300048828125,1291.0999755859375,119636
2026-07-09 13:15:00+05:30,1291.300048828125,1292.300048828125,1290.5999755859375,1291.300048828125,126422
2026-07-09 13:20:00+05:30,1291.199951171875,1292.699951171875,1290.5,1291.5999755859375,149744
2026-07-09 13:25:00+05:30,1290.300048828125,1291.300048828125,1289.800048828125,1290.5,153607
2026-07-09 13:30:00+05:30,1292.0999755859375,1292.5,1290.300048828125,1290.300048828125,104093
2026-07-09 13:35:00+05:30,1291.699951171875,1292.5999755859375,1290.5999755859375,1291.5,159483
2026-07-09 13:40:00+05:30,1291.0999755859375,1291.699951171875,1290.199951171875,1291.4000244140625,65278
2026-07-09 13:45:00+05:30,1290.0,1291.300048828125,1289.5999755859375,1291.0999755859375,116748
2026-07-09 13:50:00+05:30,1289.0,1290.199951171875,1288.800048828125,1290.199951171875,98484
2026-07-09 13:55:00+05:30,1288.699951171875,1289.800048828125,1288.5999755859375,1289.0,91979
2026-07-09 14:00:00+05:30,1287.699951171875,1289.5,1287.5,1288.699951171875,65031
2026-07-09 14:05:00+05:30,1287.199951171875,1288.199951171875,1287.0,1287.699951171875,96329
2026-07-09 14:10:00+05:30,1287.0999755859375,1287.9000244140625,1286.0,1287.699951171875,248991
2026-07-09 14:15:00+05:30,1286.199951171875,1288.4000244140625,1286.0,1287.199951171875,189005
2026-07-09 14:20:00+05:30,1287.0999755859375,1287.199951171875,1285.0,1286.199951171875,129002
2026-07-09 14:25:00+05:30,1287.800048828125,1288.0,1286.0999755859375,1287.0999755859375,188510
2026-07-09 14:30:00+05:30,1288.699951171875,1289.4000244140625,1286.800048828125,1287.800048828125,199683
2026-07-09 14:35:00+05:30,1285.699951171875,1289.300048828125,1284.5,1288.5999755859375,263291
2026-07-09 14:40:00+05:30,1283.4000244140625,1286.0,1282.699951171875,1285.699951171875,558054
2026-07-09 14:45:00+05:30,1282.5,1284.0,1282.0,1283.5999755859375,194360
2026-07-09 14:50:00+05:30,1284.300048828125,1285.0999755859375,1282.300048828125,1282.4000244140625,179022
2026-07-09 14:55:00+05:30,1283.4000244140625,1285.0,1283.199951171875,1284.199951171875,126768
2026-07-09 15:00:00+05:30,1279.9000244140625,1283.5999755859375,1279.199951171875,1283.5999755859375,458247
2026-07-09 15:05:00+05:30,1279.4000244140625,1281.5999755859375,1278.199951171875,1279.800048828125,565716
2026-07-09 15:10:00+05:30,1277.300048828125,1279.5999755859375,1276.800048828125,1279.300048828125,413224
2026-07-09 15:15:00+05:30,1279.9000244140625,1279.9000244140625,1277.199951171875,1277.300048828125,322811
2026-07-09 15:20:00+05:30,1280.0999755859375,1281.800048828125,1279.699951171875,1280.0999755859375,295802
2026-07-09 15:25:00+05:30,1280.4000244140625,1282.199951171875,1279.800048828125,1280.199951171875,292853
2026-07-10 09:15:00+05:30,1289.9000244140625,1292.199951171875,1289.0999755859375,1290.300048828125,0
2026-07-10 09:20:00+05:30,1299.5,1299.5,1290.0,1290.0,526943
2026-07-10 09:25:00+05:30,1298.199951171875,1301.9000244140625,1297.0,1299.300048828125,630732
2026-07-10 09:30:00+05:30,1298.699951171875,1299.5999755859375,1297.0999755859375,1297.9000244140625,233180
2026-07-10 09:35:00+05:30,1297.5999755859375,1299.9000244140625,1296.4000244140625,1298.800048828125,217837
2026-07-10 09:40:00+05:30,1300.0,1303.0,1297.5999755859375,1297.5999755859375,303417
2026-07-10 09:45:00+05:30,1303.4000244140625,1303.699951171875,1300.0,1300.5999755859375,186719
2026-07-10 09:50:00+05:30,1303.800048828125,1304.0,1301.800048828125,1303.300048828125,152259
2026-07-10 09:55:00+05:30,1302.9000244140625,1303.9000244140625,1302.4000244140625,1303.800048828125,91678
2026-07-10 10:00:00+05:30,1302.0,1304.300048828125,1301.199951171875,1303.199951171875,262495
2026-07-10 10:05:00+05:30,1301.0999755859375,1302.0,1300.4000244140625,1301.9000244140625,119772
2026-07-10 10:10:00+05:30,1300.5999755859375,1301.9000244140625,1300.5,1301.5,61866
2026-07-10 10:15:00+05:30,1300.9000244140625,1300.9000244140625,1300.199951171875,1300.5999755859375,58603
2026-07-10 10:20:00+05:30,1300.699951171875,1301.5,1300.4000244140625,1300.9000244140625,65083
2026-07-10 10:25:00+05:30,1300.699951171875,1301.9000244140625,1300.5,1300.800048828125,73898
2026-07-10 10:30:00+05:30,1300.5999755859375,1300.9000244140625,1300.0999755859375,1300.699951171875,33541
2026-07-10 10:35:00+05:30,1301.9000244140625,1301.9000244140625,1300.5999755859375,1300.699951171875,74580
2026-07-10 10:40:00+05:30,1301.9000244140625,1302.0,1301.5999755859375,1301.800048828125,42079
2026-07-10 10:45:00+05:30,1301.9000244140625,1302.0,1301.4000244140625,1301.9000244140625,26378
2026-07-10 10:50:00+05:30,1300.800048828125,1302.0,1300.5,1302.0,33728
2026-07-10 10:55:00+05:30,1302.5999755859375,1302.5999755859375,1300.4000244140625,1301.0,78275
2026-07-10 11:00:00+05:30,1301.5,1303.300048828125,1301.4000244140625,1302.5999755859375,66450
2026-07-10 11:05:00+05:30,1301.0,1301.5999755859375,1301.0,1301.5,23600
2026-07-10 11:10:00+05:30,1301.0,1301.4000244140625,1300.0,1301.199951171875,97312
2026-07-10 11:15:00+05:30,1301.199951171875,1301.5,1301.0,1301.199951171875,49520
2026-07-10 11:20:00+05:30,1301.699951171875,1301.9000244140625,1300.0999755859375,1301.0999755859375,91131
2026-07-10 11:25:00+05:30,1301.0,1301.9000244140625,1301.0,1301.800048828125,23511
2026-07-10 11:30:00+05:30,1301.199951171875,1302.199951171875,1301.0,1301.300048828125,74612
2026-07-10 11:35:00+05:30,1300.5999755859375,1301.5999755859375,1299.800048828125,1300.9000244140625,182467
2026-07-10 11:40:00+05:30,1302.199951171875,1302.4000244140625,1300.5999755859375,1300.699951171875,48321
2026-07-10 11:45:00+05:30,1302.4000244140625,1302.800048828125,1302.0,1302.0,57764
2026-07-10 11:50:00+05:30,1301.4000244140625,1302.4000244140625,1300.4000244140625,1302.4000244140625,88626
2026-07-10 11:55:00+05:30,1302.5999755859375,1302.800048828125,1300.5,1301.4000244140625,96840
2026-07-10 12:00:00+05:30,1302.4000244140625,1302.9000244140625,1301.4000244140625,1302.5999755859375,91286
2026-07-10 12:05:00+05:30,1301.699951171875,1302.5,1301.199951171875,1302.5,27863
2026-07-10 12:10:00+05:30,1301.5,1301.800048828125,1301.0,1301.800048828125,18061
2026-07-10 12:15:00+05:30,1301.199951171875,1301.800048828125,1301.199951171875,1301.5999755859375,26893
2026-07-10 12:20:00+05:30,1301.9000244140625,1301.9000244140625,1300.4000244140625,1301.5,92026
2026-07-10 12:25:00+05:30,1302.5,1302.9000244140625,1301.0,1301.9000244140625,78125
2026-07-10 12:30:00+05:30,1302.199951171875,1302.5999755859375,1301.699951171875,1302.5999755859375,45357
2026-07-10 12:35:00+05:30,1302.199951171875,1302.5999755859375,1301.9000244140625,1302.300048828125,29282
2026-07-10 12:40:00+05:30,1301.5,1302.5,1301.0,1302.199951171875,65086
2026-07-10 12:45:00+05:30,1302.5,1302.5,1301.0,1301.800048828125,55165
2026-07-10 12:50:00+05:30,1301.9000244140625,1303.0,1301.9000244140625,1302.5,93989
2026-07-10 12:55:00+05:30,1301.0999755859375,1302.0,1300.800048828125,1301.800048828125,46909
2026-07-10 13:00:00+05:30,1302.699951171875,1302.9000244140625,1300.5,1301.199951171875,109785
2026-07-10 13:05:00+05:30,1302.0,1303.0,1301.5999755859375,1303.0,56392
2026-07-10 13:10:00+05:30,1302.0,1302.0999755859375,1301.5,1302.0,31550
2026-07-10 13:15:00+05:30,1302.0999755859375,1302.199951171875,1301.5,1302.0,27127
2026-07-10 13:20:00+05:30,1301.199951171875,1302.0,1300.9000244140625,1301.9000244140625,55944
2026-07-10 13:25:00+05:30,1302.699951171875,1302.699951171875,1300.9000244140625,1301.199951171875,63302
2026-07-10 13:30:00+05:30,1304.5999755859375,1304.5999755859375,1302.199951171875,1302.5999755859375,149347
2026-07-10 13:35:00+05:30,1304.0,1304.800048828125,1303.699951171875,1304.5999755859375,58463
2026-07-10 13:40:00+05:30,1303.9000244140625,1304.4000244140625,1303.699951171875,1304.0,27250
2026-07-10 13:45:00+05:30,1303.0999755859375,1305.0,1303.0,1304.0,66052
2026-07-10 13:50:00+05:30,1304.0,1304.0999755859375,1303.0999755859375,1303.199951171875,33777
2026-07-10 13:55:00+05:30,1303.300048828125,1304.0,1303.300048828125,1303.699951171875,35416
2026-07-10 14:00:00+05:30,1303.199951171875,1303.9000244140625,1303.0999755859375,1303.699951171875,28922
2026-07-10 14:05:00+05:30,1302.5,1303.5,1302.5,1303.5,40333
2026-07-10 14:10:00+05:30,1303.5,1303.5,1302.5,1302.5999755859375,28486
2026-07-10 14:15:00+05:30,1303.800048828125,1304.0,1303.4000244140625,1303.4000244140625,18007
2026-07-10 14:20:00+05:30,1305.199951171875,1305.699951171875,1303.800048828125,1303.9000244140625,112683
2026-07-10 14:25:00+05:30,1307.4000244140625,1307.800048828125,1305.199951171875,1305.5,141628
2026-07-10 14:30:00+05:30,1306.5999755859375,1307.800048828125,1306.4000244140625,1307.4000244140625,68979
2026-07-10 14:35:00+05:30,1306.800048828125,1307.0,1306.5,1307.0,29243
2026-07-10 14:40:00+05:30,1307.0,1307.199951171875,1306.5999755859375,1306.800048828125,39624
2026-07-10 14:45:00+05:30,1307.5,1307.5999755859375,1307.0,1307.300048828125,56848
2026-07-10 14:50:00+05:30,1305.9000244140625,1307.4000244140625,1305.699951171875,1307.4000244140625,66719
2026-07-10 14:55:00+05:30,1304.5,1306.0,1304.0999755859375,1305.5999755859375,73696
2026-07-10 15:00:00+05:30,1305.300048828125,1305.5,1303.9000244140625,1304.4000244140625,200871
2026-07-10 15:05:00+05:30,1306.0999755859375,1306.0999755859375,1304.4000244140625,1305.199951171875,212275
2026-07-10 15:10:00+05:30,1307.4000244140625,1307.800048828125,1305.699951171875,1305.699951171875,254649
2026-07-10 15:15:00+05:30,1308.5999755859375,1308.800048828125,1307.199951171875,1307.4000244140625,261044
2026-07-10 15:20:00+05:30,1309.9000244140625,1310.0,1308.5999755859375,1308.800048828125,302563
2026-07-10 15:25:00+05:30,1309.5999755859375,1311.0999755859375,1309.5999755859375,1309.9000244140625,321367
2026-07-13 09:15:00+05:30,1301.5,1303.0999755859375,1299.199951171875,1301.199951171875,0
2026-07-13 09:20:00+05:30,1304.0,1304.4000244140625,1301.300048828125,1301.300048828125,157031
2026-07-13 09:25:00+05:30,1304.9000244140625,1305.0999755859375,1301.0,1304.4000244140625,166047
2026-07-13 09:30:00+05:30,1303.5999755859375,1305.0,1303.0,1305.0,120257
2026-07-13 09:35:00+05:30,1304.199951171875,1304.5,1303.0,1303.199951171875,77354
2026-07-13 09:40:00+05:30,1303.699951171875,1305.4000244140625,1303.5,1303.5,117793
2026-07-13 09:45:00+05:30,1304.5999755859375,1304.9000244140625,1303.5,1303.699951171875,80186
2026-07-13 09:50:00+05:30,1305.199951171875,1306.300048828125,1303.9000244140625,1304.800048828125,169529
2026-07-13 09:55:00+05:30,1304.699951171875,1306.0999755859375,1303.699951171875,1305.300048828125,191310
2026-07-13 10:00:00+05:30,1303.800048828125,1305.0,1303.199951171875,1305.0,73113
2026-07-13 10:05:00+05:30,1303.0999755859375,1303.800048828125,1301.300048828125,1303.800048828125,166827
2026-07-13 10:10:00+05:30,1302.300048828125,1303.4000244140625,1302.0,1303.0999755859375,76600
2026-07-13 10:15:00+05:30,1300.0999755859375,1303.0,1299.5,1302.4000244140625,181644
2026-07-13 10:20:00+05:30,1300.300048828125,1301.0999755859375,1299.0,1300.5,176695
2026-07-13 10:25:00+05:30,1301.0,1302.0,1300.0,1300.0999755859375,118481
2026-07-13 10:30:00+05:30,1300.800048828125,1301.5,1300.0999755859375,1301.300048828125,120356
2026-07-13 10:35:00+05:30,1300.0999755859375,1301.199951171875,1300.0999755859375,1300.5,48086
2026-07-13 10:40:00+05:30,1300.0,1300.4000244140625,1299.800048828125,1300.0,112999
2026-07-13 10:45:00+05:30,1299.5999755859375,1300.300048828125,1299.5,1299.800048828125,215680
2026-07-13 10:50:00+05:30,1299.9000244140625,1300.0,1299.5,1299.800048828125,85186
2026-07-13 10:55:00+05:30,1298.699951171875,1300.0,1298.699951171875,1300.0,161217
2026-07-13 11:00:00+05:30,1298.699951171875,1299.0999755859375,1298.199951171875,1298.800048828125,64405
2026-07-13 11:05:00+05:30,1299.5,1299.9000244140625,1298.699951171875,1298.9000244140625,66205
2026-07-13 11:10:00+05:30,1299.4000244140625,1300.0,1299.0,1299.0999755859375,95804
2026-07-13 11:15:00+05:30,1299.0,1299.5,1298.300048828125,1299.4000244140625,79420
2026-07-13 11:20:00+05:30,1299.5999755859375,1300.0999755859375,1299.0999755859375,1299.0999755859375,107361
2026-07-13 11:25:00+05:30,1299.0,1299.800048828125,1298.5999755859375,1299.5999755859375,115113
2026-07-13 11:30:00+05:30,1299.199951171875,1299.699951171875,1298.800048828125,1299.0,93659
2026-07-13 11:35:00+05:30,1298.9000244140625,1300.0,1298.9000244140625,1299.199951171875,116667
2026-07-13 11:40:00+05:30,1297.4000244140625,1299.9000244140625,1296.800048828125,1298.9000244140625,229683
2026-07-13 11:45:00+05:30,1297.5999755859375,1298.5,1297.300048828125,1297.4000244140625,64641
2026-07-13 11:50:00+05:30,1297.4000244140625,1298.199951171875,1297.199951171875,1297.5999755859375,137962
2026-07-13 11:55:00+05:30,1297.5999755859375,1298.0,1297.0999755859375,1297.199951171875,53976
2026-07-13 12:00:00+05:30,1298.199951171875,1299.0,1297.5,1297.5999755859375,109175
2026-07-13 12:05:00+05:30,1298.9000244140625,1299.199951171875,1298.199951171875,1298.300048828125,41695
2026-07-13 12:10:00+05:30,1299.9000244140625,1300.800048828125,1298.300048828125,1299.0,222479
2026-07-13 12:15:00+05:30,1299.9000244140625,1300.699951171875,1299.5,1300.0,178899
2026-07-13 12:20:00+05:30,1299.0,1300.4000244140625,1298.300048828125,1300.0,162122
2026-07-13 12:25:00+05:30,1298.699951171875,1299.699951171875,1298.5,1299.300048828125,125607
2026-07-13 12:30:00+05:30,1299.9000244140625,1299.9000244140625,1298.5,1298.699951171875,79647
2026-07-13 12:35:00+05:30,1299.5999755859375,1300.0,1298.0,1299.4000244140625,88561
2026-07-13 12:40:00+05:30,1298.9000244140625,1299.9000244140625,1298.800048828125,1299.300048828125,65140
2026-07-13 12:45:00+05:30,1299.800048828125,1299.9000244140625,1299.0,1299.300048828125,46192
2026-07-13 12:50:00+05:30,1300.5,1302.800048828125,1299.300048828125,1299.4000244140625,201588
2026-07-13 12:55:00+05:30,1299.300048828125,1301.0,1299.0,1300.5,117727
2026-07-13 13:00:00+05:30,1299.199951171875,1299.5999755859375,1298.199951171875,1299.300048828125,154505
2026-07-13 13:05:00+05:30,1299.800048828125,1300.0,1299.0,1299.0,37949
2026-07-13 13:10:00+05:30,1299.800048828125,1300.4000244140625,1299.0,1299.699951171875,65812
2026-07-13 13:15:00+05:30,1300.0999755859375,1300.199951171875,1298.5,1299.800048828125,88080
2026-07-13 13:20:00+05:30,1299.0,1300.4000244140625,1299.0,1300.0,127371
2026-07-13 13:25:00+05:30,1296.800048828125,1299.699951171875,1296.199951171875,1299.0,146065
2026-07-13 13:30:00+05:30,1297.199951171875,1297.9000244140625,1296.300048828125,1296.5,75184
2026-07-13 13:35:00+05:30,1297.800048828125,1298.4000244140625,1297.0,1297.0,98314
2026-07-13 13:40:00+05:30,1298.0,1298.4000244140625,1297.0,1297.800048828125,41305
2026-07-13 13:45:00+05:30,1298.699951171875,1298.699951171875,1297.5,1297.5999755859375,55129
2026-07-13 13:50:00+05:30,1298.0,1298.699951171875,1297.5,1298.699951171875,38632
2026-07-13 13:55:00+05:30,1298.0,1298.5999755859375,1297.4000244140625,1297.5999755859375,63305
2026-07-13 14:00:00+05:30,1298.300048828125,1298.9000244140625,1298.0999755859375,1298.199951171875,57915
2026-07-13 14:05:00+05:30,1298.199951171875,1299.0,1297.0,1298.300048828125,87025
2026-07-13 14:10:00+05:30,1298.199951171875,1299.0999755859375,1297.5999755859375,1297.9000244140625,43084
2026-07-13 14:15:00+05:30,1298.0,1299.0,1297.0999755859375,1298.199951171875,109386
2026-07-13 14:20:00+05:30,1297.5999755859375,1299.0,1297.0999755859375,1298.0999755859375,139534
2026-07-13 14:25:00+05:30,1296.9000244140625,1298.0999755859375,1296.4000244140625,1297.5999755859375,138830
2026-07-13 14:30:00+05:30,1296.9000244140625,1298.300048828125,1296.5999755859375,1296.9000244140625,191495
2026-07-13 14:35:00+05:30,1296.5,1297.0999755859375,1295.0999755859375,1296.9000244140625,142750
2026-07-13 14:40:00+05:30,1296.5,1297.0,1296.199951171875,1296.5,93397
2026-07-13 14:45:00+05:30,1297.5,1297.800048828125,1296.300048828125,1296.5,67716
2026-07-13 14:50:00+05:30,1298.5,1298.9000244140625,1297.699951171875,1297.800048828125,101377
2026-07-13 14:55:00+05:30,1298.0,1298.800048828125,1297.199951171875,1298.699951171875,80979
2026-07-13 15:00:00+05:30,1297.0999755859375,1298.199951171875,1296.4000244140625,1298.0999755859375,401864
2026-07-13 15:05:00+05:30,1297.199951171875,1297.800048828125,1296.800048828125,1297.0999755859375,258708
2026-07-13 15:10:00+05:30,1296.800048828125,1297.300048828125,1296.800048828125,1297.300048828125,190568
2026-07-13 15:15:00+05:30,1296.5999755859375,1296.9000244140625,1296.4000244140625,1296.699951171875,234300
2026-07-13 15:20:00+05:30,1296.5999755859375,1296.9000244140625,1296.300048828125,1296.5999755859375,260314
2026-07-13 15:25:00+05:30,1297.0,1297.0,1296.4000244140625,1296.699951171875,247222
2026-07-14 09:15:00+05:30,1295.699951171875,1296.199951171875,1290.300048828125,1290.300048828125,0
2026-07-14 09:20:00+05:30,1297.699951171875,1297.9000244140625,1295.0999755859375,1295.4000244140625,208052
2026-07-14 09:25:00+05:30,1297.300048828125,1298.5999755859375,1296.199951171875,1297.699951171875,195698
2026-07-14 09:30:00+05:30,1297.300048828125,1298.0,1295.699951171875,1297.300048828125,159930
2026-07-14 09:35:00+05:30,1295.4000244140625,1298.0,1295.0999755859375,1297.199951171875,245408
2026-07-14 09:40:00+05:30,1297.199951171875,1297.4000244140625,1294.800048828125,1295.199951171875,175169
2026-07-14 09:45:00+05:30,1296.199951171875,1297.4000244140625,1295.300048828125,1297.199951171875,117834
2026-07-14 09:50:00+05:30,1295.0,1296.699951171875,1295.0,1296.199951171875,83799
2026-07-14 09:55:00+05:30,1298.300048828125,1299.0,1295.0999755859375,1295.5999755859375,186754
2026-07-14 10:00:00+05:30,1299.199951171875,1301.800048828125,1297.699951171875,1298.0,473822
2026-07-14 10:05:00+05:30,1300.0999755859375,1300.300048828125,1299.0999755859375,1299.300048828125,151169
2026-07-14 10:10:00+05:30,1298.4000244140625,1300.4000244140625,1297.5999755859375,1300.0999755859375,153393
2026-07-14 10:15:00+05:30,1297.9000244140625,1299.300048828125,1296.300048828125,1298.0999755859375,140910
2026-07-14 10:20:00+05:30,1298.5999755859375,1299.800048828125,1297.699951171875,1298.0,107274
2026-07-14 10:25:00+05:30,1298.0,1298.9000244140625,1297.5999755859375,1298.5,72742
2026-07-14 10:30:00+05:30,1298.5,1299.199951171875,1297.5,1298.0,63140
2026-07-14 10:35:00+05:30,1299.0999755859375,1299.0999755859375,1298.0999755859375,1298.9000244140625,65421
2026-07-14 10:40:00+05:30,1301.4000244140625,1301.699951171875,1297.699951171875,1299.0,191850
2026-07-14 10:45:00+05:30,1304.4000244140625,1304.699951171875,1301.4000244140625,1301.5,240177
2026-07-14 10:50:00+05:30,1305.5,1305.5,1303.5,1304.5,173801
2026-07-14 10:55:00+05:30,1307.0999755859375,1307.4000244140625,1305.199951171875,1305.5,148072
2026-07-14 11:00:00+05:30,1305.4000244140625,1308.0,1305.300048828125,1307.300048828125,130546
2026-07-14 11:05:00+05:30,1304.5,1306.0,1304.0,1305.0,123092
2026-07-14 11:10:00+05:30,1303.5999755859375,1305.0,1303.300048828125,1304.800048828125,55229
2026-07-14 11:15:00+05:30,1303.300048828125,1304.5999755859375,1302.5,1303.5999755859375,175500
2026-07-14 11:20:00+05:30,1304.699951171875,1304.800048828125,1302.5,1303.5,103361
2026-07-14 11:25:00+05:30,1303.199951171875,1304.699951171875,1303.199951171875,1304.300048828125,100357
2026-07-14 11:30:00+05:30,1301.5,1303.699951171875,1301.300048828125,1303.199951171875,50661
2026-07-14 11:35:00+05:30,1300.4000244140625,1302.5,1300.0999755859375,1301.4000244140625,114279
2026-07-14 11:40:00+05:30,1300.4000244140625,1301.4000244140625,1300.0999755859375,1300.300048828125,127114
2026-07-14 11:45:00+05:30,1301.0999755859375,1302.0,1300.0,1300.0,80449
2026-07-14 11:50:00+05:30,1300.699951171875,1302.5999755859375,1300.699951171875,1301.199951171875,74219
2026-07-14 11:55:00+05:30,1301.5999755859375,1302.199951171875,1300.0999755859375,1300.5,161942
2026-07-14 12:00:00+05:30,1303.0999755859375,1303.4000244140625,1301.5,1301.699951171875,60541
2026-07-14 12:05:00+05:30,1302.199951171875,1303.0,1300.800048828125,1302.699951171875,118865
2026-07-14 12:10:00+05:30,1301.0,1302.5999755859375,1300.4000244140625,1302.199951171875,159435
2026-07-14 12:15:00+05:30,1300.699951171875,1301.0999755859375,1299.300048828125,1301.0999755859375,170109
2026-07-14 12:20:00+05:30,1300.300048828125,1300.699951171875,1300.0,1300.699951171875,93849
2026-07-14 12:25:00+05:30,1298.300048828125,1300.300048828125,1298.0999755859375,1300.0999755859375,101012
2026-07-14 12:30:00+05:30,1299.199951171875,1299.5999755859375,1298.0,1298.4000244140625,166610
2026-07-14 12:35:00+05:30,1300.199951171875,1301.0,1299.0,1299.300048828125,112609
2026-07-14 12:40:00+05:30,1301.0,1301.5999755859375,1300.0,1300.4000244140625,99928
2026-07-14 12:45:00+05:30,1301.5999755859375,1301.9000244140625,1300.0,1301.0,108994
2026-07-14 12:50:00+05:30,1301.0999755859375,1301.800048828125,1301.0,1301.300048828125,48109
2026-07-14 12:55:00+05:30,1302.0999755859375,1302.9000244140625,1301.199951171875,1301.4000244140625,104499
2026-07-14 13:00:00+05:30,1302.5999755859375,1303.0,1301.199951171875,1302.199951171875,97193
2026-07-14 13:05:00+05:30,1303.199951171875,1303.4000244140625,1302.300048828125,1302.800048828125,55411
2026-07-14 13:10:00+05:30,1300.5,1303.4000244140625,1300.5,1303.4000244140625,96059
2026-07-14 13:15:00+05:30,1301.5999755859375,1302.199951171875,1300.0999755859375,1300.800048828125,120130
2026-07-14 13:20:00+05:30,1301.0999755859375,1302.5,1300.9000244140625,1301.5999755859375,77608
2026-07-14 13:25:00+05:30,1301.9000244140625,1302.5,1300.300048828125,1301.0999755859375,103552
2026-07-14 13:30:00+05:30,1300.5,1302.0,1300.0,1301.5999755859375,87711
2026-07-14 13:35:00+05:30,1297.9000244140625,1300.699951171875,1297.5,1300.699951171875,120647
2026-07-14 13:40:00+05:30,1298.300048828125,1299.199951171875,1297.5999755859375,1298.0999755859375,224447
2026-07-14 13:45:00+05:30,1298.5,1299.0999755859375,1297.699951171875,1298.300048828125,145032
2026-07-14 13:50:00+05:30,1296.0999755859375,1298.699951171875,1296.0999755859375,1298.699951171875,201604
2026-07-14 13:55:00+05:30,1295.800048828125,1296.9000244140625,1295.0999755859375,1296.0999755859375,80589
2026-07-14 14:00:00+05:30,1294.699951171875,1295.9000244140625,1294.199951171875,1295.699951171875,75837
2026-07-14 14:05:00+05:30,1293.0,1295.0,1293.0,1295.0,86645
2026-07-14 14:10:00+05:30,1291.699951171875,1294.0,1291.5999755859375,1293.0999755859375,172365
2026-07-14 14:15:00+05:30,1292.4000244140625,1293.5999755859375,1290.9000244140625,1291.699951171875,247794
2026-07-14 14:20:00+05:30,1291.4000244140625,1293.0,1291.0,1292.5,178731
2026-07-14 14:25:00+05:30,1292.0,1292.5,1291.0,1291.199951171875,106340
2026-07-14 14:30:00+05:30,1291.5999755859375,1292.199951171875,1291.0,1291.800048828125,65783
2026-07-14 14:35:00+05:30,1291.199951171875,1292.4000244140625,1290.199951171875,1291.800048828125,174987
2026-07-14 14:40:00+05:30,1290.9000244140625,1291.699951171875,1290.5999755859375,1291.199951171875,82333
2026-07-14 14:45:00+05:30,1290.300048828125,1291.5,1290.0,1291.0,173474
2026-07-14 14:50:00+05:30,1290.5999755859375,1291.300048828125,1290.199951171875,1290.4000244140625,151945
2026-07-14 14:55:00+05:30,1291.300048828125,1292.199951171875,1290.0,1290.300048828125,213318
2026-07-14 15:00:00+05:30,1293.199951171875,1294.0,1291.199951171875,1291.199951171875,523374
2026-07-14 15:05:00+05:30,1293.0999755859375,1295.0,1292.5,1293.4000244140625,654910
2026-07-14 15:10:00+05:30,1294.300048828125,1295.0999755859375,1292.0999755859375,1293.0999755859375,840551
2026-07-14 15:15:00+05:30,1289.5999755859375,1294.300048828125,1289.5,1293.699951171875,736114
2026-07-14 15:20:00+05:30,1295.0999755859375,1295.699951171875,1287.5,1290.0,913630
2026-07-14 15:25:00+05:30,1293.0,1296.300048828125,1293.0,1295.0999755859375,338048